followers_count,friends_count,listed_count,favourites_count,statuses_count,has_extended_profile,bot
1291,0,10,0,78554,FALSE,1
1,349,0,38,31,FALSE,1
1086,0,14,0,713,FALSE,1
33,0,8,0,676,FALSE,1
11,745,0,146,185,FALSE,1
1,186,0,0,11,TRUE,1
193,0,19,0,6068,FALSE,1
8227,2,89,26,2597,FALSE,1
275,0,17,23,9922,FALSE,1
51,3,9,0,2515,FALSE,1
51,1,12,0,111,FALSE,1
2,1,4,0,230,FALSE,1
0,29,0,0,0,,1
1,206,0,0,0,,1
0,38,0,0,0,,1
109,0,16,0,16067,FALSE,1
250,0,25,0,31721,FALSE,1
15,1941,1,319,406,FALSE,1
190,1899,0,27,0,FALSE,1
181,0,24,0,21506,FALSE,1
10175,11465,199,328,65022,FALSE,1
23,4,8,4,6230,FALSE,1
106126,0,999,2,30156,FALSE,1
2302,3,161,4,7640,FALSE,1
443,2,17,6,9584,FALSE,1
27,1,10,0,145,FALSE,1
191,2,19,0,5684,FALSE,1
1,35,1,54,82,FALSE,1
651,0,36,0,19867,FALSE,1
37,45,7,0,191,FALSE,1
331,56,36,23,29989,FALSE,1
1327,2,92,0,24199,FALSE,1
0,52,0,0,0,,1
54,0,5,2,1585,FALSE,1
4247,2,72,587,109325,FALSE,1
0,54,0,7,18,FALSE,1
163,2,74,64,552492,FALSE,1
32,1,12,0,6181,FALSE,1
903,1,50,0,3654,FALSE,1
108,10,9,10,537,FALSE,1
190,1,23,1,4032,FALSE,1
675,118,66,8,15437,FALSE,1
1,340,0,33,49,FALSE,1
89,1225,0,2,2,FALSE,1
1076,0,40,0,12674,FALSE,1
399,679,20,64,26073,FALSE,1
394,3537,0,46,349,FALSE,1
4,96,0,3,0,FALSE,1
0,140,0,2,12,TRUE,1
1334,0,13,7,59023,FALSE,1
36,1,6,0,510,FALSE,1
8,1,1,0,29,FALSE,1
1451,1,44,0,15020,FALSE,1
1807,101,258,124,125403,FALSE,1
1,63,0,0,1,FALSE,1
82,49,10,0,16728,FALSE,1
2,20,0,66,127,FALSE,1
0,25,0,56,73,FALSE,1
78,1,14,0,4438,FALSE,1
403,6,16,1,12395,FALSE,1
7324,456,202,5109,3334,FALSE,1
68,0,15,1,25193,FALSE,1
108,1,20,0,19770,FALSE,1
120,0,22,0,5614,FALSE,1
0,330,0,21,29,FALSE,1
0,22,0,71,100,FALSE,1
15,19,0,0,19,FALSE,1
23,0,7,0,63,FALSE,1
127,180,6,76087,12702,TRUE,1
175986,14914,1829,1,18839,FALSE,1
731,1,28,0,2576,FALSE,1
182,0,6,0,433,FALSE,1
123,0,35,0,29410,FALSE,1
1287,1,116,0,62797,FALSE,1
110,1797,0,12,4,FALSE,1
9,0,6,0,1412,TRUE,1
102437,3,500,0,13953,FALSE,1
4,350,0,4,6,,1
1,44,0,66,78,FALSE,1
281,5,1,1,22739,FALSE,1
104669,5438,979,385,7897,FALSE,1
23472,2,653,120,59327,FALSE,1
43,1,13,4,26955,FALSE,1
11,74,0,0,1,FALSE,1
928,0,20,0,71773,FALSE,1
63,2,15,1,2672,FALSE,1
71,2,14,1,644,FALSE,1
131,2,27,0,4499,FALSE,1
171,4,13,1,8808,FALSE,1
6859,5458,279,73498,46537,FALSE,1
3730,21,5204,155,306026,FALSE,1
4,244,0,10,17,FALSE,1
277,4887,5,1,41,FALSE,1
31,23,4,2,170,FALSE,1
1078,0,23,0,2,FALSE,1
8,0,1,0,123,TRUE,1
14,3,7,0,13752,FALSE,1
9978,10829,9,681,862,TRUE,1
0,32,0,69,93,FALSE,1
204,1,34,0,7491,FALSE,1
20,9,2,0,2311,FALSE,1
109,153,0,25,24,TRUE,1
539,10,36,5,212479,FALSE,1
227,292,0,0,12,FALSE,1
105,4,4,0,1571,FALSE,1
1022,0,96,0,403392,FALSE,1
33,1526,0,1,1,FALSE,1
4,19,0,0,0,,1
1,342,0,41,43,FALSE,1
0,310,0,17,27,FALSE,1
1,420,0,88,80,FALSE,1
0,346,0,14,28,FALSE,1
23,0,10,0,376,FALSE,1
254,16,31,43,13695,FALSE,1
20,9,4,0,445,FALSE,1
516,0,27,0,4145,FALSE,1
5,464,0,78,88,FALSE,1
447990,487927,4233,4055,107503,FALSE,1
1,338,0,26,30,FALSE,1
255,1,28,0,12821,FALSE,1
16,1862,0,285,392,FALSE,1
268,99,56,0,5099,FALSE,1
742,38,27,3,367778,FALSE,1
61,31,14,0,627,FALSE,1
105,1,13,9,570,TRUE,1
26,35,7,9,9117,FALSE,1
13,1,2,0,1035,FALSE,1
7724,22,186,9,16682,FALSE,1
38413,2,438,2722,146227,FALSE,1
124,158,10,55,3597,FALSE,1
142,14,12,0,26,FALSE,1
434,0,41,0,3033,FALSE,1
9,462,0,84,72,FALSE,1
44,0,5,5,1220,FALSE,1
505,3673,0,745,595,FALSE,1
67078,0,940,0,12064,FALSE,1
19048,2,135,7,220592,FALSE,1
69508,70633,441,109,423314,TRUE,1
0,100,0,0,0,,1
30,0,11,0,1560,FALSE,1
1,116,0,0,1,FALSE,1
0,34,0,37,61,FALSE,1
261,1,46,1,4776,FALSE,1
1058,1,83,0,7678,FALSE,1
15,1,7,2,75,FALSE,1
14,0,7,2,3422,FALSE,1
2,106,0,0,1,,1
344,24,8,1,161,FALSE,1
78,221,0,261,1953,FALSE,1
21,19,3,0,1160,FALSE,1
12,33,0,47,65,FALSE,1
669,7,162,9396,21522,FALSE,1
0,34,0,0,0,,1
324,0,23,0,6664,FALSE,1
283,443,1,4021,2864,FALSE,1
95,3,0,0,2464,FALSE,1
571,15,19,1,1181,FALSE,1
20,1827,0,312,387,FALSE,1
3,523,0,87,113,FALSE,1
16,25,3,1,150,TRUE,1
782,0,14,0,276,FALSE,1
6,0,4,0,241,TRUE,1
187,1,36,1,10881,FALSE,1
659,806,19,1,9565,FALSE,1
9,89,0,0,4,FALSE,1
40,0,14,0,884,FALSE,1
2,350,0,32,34,FALSE,1
1,365,0,29,25,FALSE,1
160,3,17,1,4080,FALSE,1
972,43,24,253,7460,FALSE,1
34,22,9,0,19078,FALSE,1
176,5,16,0,5685,FALSE,1
156,1,19,0,22280,FALSE,1
736,3482,4,22,681,FALSE,1
2,323,0,40,34,FALSE,1
76,0,4,0,183,FALSE,1
970,1642,15,145,976,FALSE,1
32,0,10,0,1038,FALSE,1
762,317,29,293,40206,FALSE,1
231,0,15,0,622,FALSE,1
7,664,1,157,187,FALSE,1
531,1,44,0,25992,FALSE,1
23,0,1,2,99,FALSE,1
3,49,0,4,1,FALSE,1
139,7,6,3,497,FALSE,1
66,601,2,25,1697,FALSE,1
693,386,14,18,3271,FALSE,1
3,57,0,0,1,FALSE,1
0,60,0,0,0,,1
55,1,8,0,1841755,FALSE,1
64,32,8,2,4269,FALSE,1
102,2,3,0,51833,FALSE,1
0,290,0,30,35,FALSE,1
1214,2573,30,967,415,FALSE,1
18,3,4,0,1817,FALSE,1
255,5,8,0,288,FALSE,1
72,0,20,0,2233,FALSE,1
253,57,18,9,36435,FALSE,1
0,346,0,30,39,FALSE,1
244,0,21,0,14990,FALSE,1
20,1,6,0,1578,FALSE,1
0,68,0,0,1,TRUE,1
1929,2753,28,1843,10337,FALSE,1
660,0,23,0,4773,FALSE,1
358,1,15,1,42988,FALSE,1
1,259,0,14,33,FALSE,1
25,897,0,38,20,FALSE,1
2,97,0,0,0,FALSE,1
1056,1576,76,55901,87824,FALSE,1
17504,0,62,0,27782,FALSE,1
12,2034,0,333,476,FALSE,1
68,1,15,1,401,FALSE,1
12,0,6,0,156,FALSE,1
6027,0,36,2,116980,FALSE,1
3947,4728,94,70947,91770,FALSE,1
25,1935,0,267,368,FALSE,1
3,519,0,97,107,FALSE,1
3,6,1,16,17,FALSE,1
560,0,17,0,17873,FALSE,1
0,30,0,39,60,FALSE,1
12,1,2,0,692,FALSE,1
4,259,0,12,12,FALSE,1
0,100,0,0,0,,1
17,500,0,1,4,FALSE,1
49,1537,0,0,1,FALSE,1
638,60,0,1,4647,FALSE,1
21172,20058,162,0,80502,FALSE,1
547,650,15,1,6857,FALSE,1
0,34,0,55,71,FALSE,1
116,1,14,1,1031,FALSE,1
194,3,18,0,5652,FALSE,1
12368,0,265,34,587,FALSE,1
2682,403,180,6309,72033,TRUE,1
176,2,19,0,23319,FALSE,1
160,12,24,0,14279,FALSE,1
18,0,9,0,1590,TRUE,1
35,1,9,0,4402,FALSE,1
5,714,0,124,189,FALSE,1
1829,8,51,62,27851,FALSE,1
1,262,0,25,28,FALSE,1
0,26,0,39,57,FALSE,1
152,0,85,0,3301,FALSE,1
24,2000,0,273,315,FALSE,1
162,0,14,0,20469,FALSE,1
62,0,13,0,166,FALSE,1
107,334,21,19,5394,FALSE,1
0,231,0,17,20,FALSE,1
509,35,33,0,10551,FALSE,1
288,1,16,0,3427,FALSE,1
117,353,10,7,2853,FALSE,1
198,2,20,1,11675,FALSE,1
2,12,0,202,0,,1
873,8,4,0,20734,FALSE,1
99,0,24,0,75,FALSE,1
134,0,17,0,7597,FALSE,1
15,1,5,0,5017,FALSE,1
4,47,0,0,1,FALSE,1
145,1,19,0,6758,FALSE,1
19,1952,2,290,420,FALSE,1
1,236,0,25,24,FALSE,1
41,1,17,0,3048,FALSE,1
1,80,0,0,1,TRUE,1
1229,83,49,21,614,FALSE,1
1,341,0,33,42,FALSE,1
167,5,2,0,607,FALSE,1
1129,7,2,0,23557,FALSE,1
0,22,0,0,1,FALSE,1
3,0,3,0,1050,FALSE,1
505,13,49,0,5109,FALSE,1
15,0,11,0,31365,FALSE,1
16,1,4,0,1832,FALSE,1
41,394,0,3,4,TRUE,1
549,370,12,12,4658,FALSE,1
0,60,0,0,10,FALSE,1
0,43,4,48,86,FALSE,1
102,3,21,0,10873,FALSE,1
578,17,96,0,5234,FALSE,1
1,34,0,68,98,FALSE,1
1456,12,122,4,72096,FALSE,1
0,1,0,0,0,,1
14,253,0,2,0,FALSE,1
506,11,48,5,41052,FALSE,1
307,0,21,1,423,FALSE,1
518,5,51,0,94196,FALSE,1
0,118,0,0,0,,1
1,4,0,22,4,FALSE,1
50,2,10,0,1228,FALSE,1
3,336,0,29,39,FALSE,1
394,0,48,0,7956,FALSE,1
428,410,13,630,16989,FALSE,1
630,4,42,96,15036,FALSE,1
928,20,23,7,3421,FALSE,1
44,5,11,3,2396,FALSE,1
20,0,7,0,50,FALSE,1
5831,57,354,16,457649,FALSE,1
26,0,6,0,6832,FALSE,1
10014,27,326,0,14473,TRUE,1
8939,6003,516,710,5846,FALSE,1
2,386,0,28,41,FALSE,1
467,956,0,261,5748,FALSE,1
94,1,25,0,2383,FALSE,1
6664,1,196,0,6025,FALSE,1
0,335,0,24,32,FALSE,1
4,0,1,0,1469,FALSE,1
37,35,8,0,9,FALSE,1
0,247,0,28,24,FALSE,1
14,214,0,0,3,TRUE,1
537,1,18,0,281,FALSE,1
284,66,30,0,5986,FALSE,1
0,27,0,38,60,FALSE,1
80,0,29,0,10794,FALSE,1
120,836,0,1,8,FALSE,1
293,344,2,0,8638,FALSE,1
243,4,4,0,69595,FALSE,1
18,3,8,1,1456,FALSE,1
79,80,3,23,901,FALSE,1
576,31,60,8,2370,FALSE,1
2,42,1,29,39,FALSE,1
0,349,0,42,77,FALSE,1
21,0,7,0,1343,FALSE,1
16,1,4,1,2001,FALSE,1
239,0,53,0,22089,FALSE,1
9968,2,185,3399,8782,FALSE,1
0,223,0,24,24,FALSE,1
8,86,0,12,3,FALSE,1
906,2434,0,277,528,FALSE,1
1,352,0,29,33,FALSE,1
1419,1,61,5,32244,FALSE,1
39,0,0,1,303,TRUE,1
835,2290,22,74533,17259,TRUE,1
2,360,0,27,60,FALSE,1
856,1078,7,0,130262,FALSE,1
240,45,22,66,1993,FALSE,1
4213,0,220,0,4364,FALSE,1
77,490,0,1,15,FALSE,1
0,336,0,23,23,FALSE,1
172,5,21,5,3497,FALSE,1
213,0,38,0,1063,FALSE,1
379,12,38,0,22371,FALSE,1
335,0,32,1,17375,FALSE,1
102,86,0,0,1,TRUE,1
52,0,15,0,93310,FALSE,1
5631,6,188,48,6574,FALSE,1
10,15,0,13,3,FALSE,1
66,1,7,4,70,FALSE,1
4965,0,244,1,67870,FALSE,1
14917,227,27,919,53398,FALSE,1
20,0,16,0,42453,FALSE,1
803,31,34,0,808,FALSE,1
164,0,35,51,2714,FALSE,1
17,1,8,0,1522,FALSE,1
9,0,5,0,6,FALSE,1
9632,0,239,0,13936,FALSE,1
0,86,0,0,0,,1
6,109,0,0,2,FALSE,1
1784,43,89,5,389,FALSE,1
79,0,3,5,4007,FALSE,1
96,29,10,0,195,FALSE,1
600,818,40,651,1787,FALSE,1
52,2,5,0,702,FALSE,1
184,0,8,0,1125,FALSE,1
945,2027,3,2847,13935,FALSE,1
67,0,17,0,886,FALSE,1
1,29,0,48,72,FALSE,1
338,471,5,35,260,TRUE,1
2925,3,139,0,708,FALSE,1
10,0,2,0,10370,FALSE,1
47,197,0,62,1,FALSE,1
54,1351,0,2,6,FALSE,1
0,9,0,0,0,FALSE,1
209,16,20,0,21278,FALSE,1
335,3,22,2,4934,FALSE,1
1,369,0,28,36,FALSE,1
62,0,19,0,4106,FALSE,1
155,0,34,0,14702,FALSE,1
125,1,30,0,3201,FALSE,1
499,53,51,75,2592,FALSE,1
2,1,1,0,1360,FALSE,1
70,5,8,2,4310,FALSE,1
305,4,13,0,112538,FALSE,1
956,0,34,0,434,FALSE,1
543,3911,0,141,0,FALSE,1
37,0,8,0,0,FALSE,1
13,164,1,0,5,FALSE,1
107,30,17,2,11151,FALSE,1
34284,17397,889,0,191383,FALSE,1
273,37,42,0,10115,FALSE,1
8,45,0,3,5,FALSE,1
3459,2282,11,3888,57256,TRUE,1
275,1,2,1,1961,FALSE,1
1325,1797,64,0,18265,FALSE,1
1690,0,38,108,15530,FALSE,1
0,21,0,0,1,FALSE,1
71,0,14,0,1490,FALSE,1
2,501,0,102,130,FALSE,1
4856,2162,85,0,1223,FALSE,1
354,1,47,0,29635,FALSE,1
0,39,0,0,0,,1
455,480,23,42,6320,FALSE,1
1,341,0,44,36,FALSE,1
0,243,0,13,18,FALSE,1
128,1814,0,7,18,FALSE,1
3,39,0,0,3,FALSE,1
151,1437,0,1,5,FALSE,1
137,0,24,0,86797,FALSE,1
2108,3,60,8,49270,FALSE,1
153,0,15,0,2072,FALSE,1
0,27,0,86,127,FALSE,1
41,1,11,0,673,FALSE,1
460,65,26,14,9058,FALSE,1
1569,4882,0,95,112,FALSE,1
7852,1,400,8,27610,FALSE,1
50,0,0,0,926,FALSE,1
74,7,27,1,80949,FALSE,1
2108,1,76,2,5619,FALSE,1
0,266,0,22,35,FALSE,1
1474799,1,6818,1793,20990,FALSE,1
396,0,17,0,3608,FALSE,1
166,25,18,0,3622,FALSE,1
5388,0,178,0,31751,FALSE,1
8,1,7,0,258,FALSE,1
8063,1,13,42,119,FALSE,1
148,0,22,0,1723,FALSE,1
7154703,240,4240,640,5995,FALSE,1
9,484,0,87,109,FALSE,1
47,1,9,0,2610,FALSE,1
3,38,0,3,5,TRUE,1
13,5,4,0,10693,FALSE,1
1655947,0,5482,124,480858,FALSE,1
2149,1,198,0,3741,FALSE,1
1,261,0,24,21,FALSE,1
646,1221,38,25654,26729,TRUE,1
18672,0,252,0,18270,FALSE,1
16,1,11,0,1237,FALSE,1
14,1978,0,289,426,FALSE,1
4,102,0,2,0,TRUE,1
280,48,30,3,4722,FALSE,1
147,0,22,0,1388,FALSE,1
20,0,10,0,5131,FALSE,1
918,0,13,2,92849,FALSE,1
12,64,0,0,7,FALSE,1
1381,0,45,0,1292,FALSE,1
4948,296,15,17,41190,FALSE,1
27,2257,2,288,323,FALSE,1
0,30,0,0,0,,1
0,18,0,0,0,,1
0,44,0,73,106,FALSE,1
2,51,0,75,125,FALSE,1
213,213,18,0,5988,FALSE,1
189,366,0,1,36,FALSE,1
166,1,24,0,17017,FALSE,1
136,1,21,5,34446,FALSE,1
100,1,19,257,6605,FALSE,1
98,274,7,1,37,FALSE,1
90,1,20,4,6703,FALSE,1
7,0,8,0,5669,FALSE,1
292,1,26,0,1958,FALSE,1
4198,3,313,15,158639,FALSE,1
60,0,19,0,1476,FALSE,1
1,74,0,0,1,FALSE,1
4355,2,194,3,26381,FALSE,1
74,0,121,0,4415,FALSE,1
3,270,0,19,22,FALSE,1
3,631,0,115,177,FALSE,1
9,93,0,0,8,FALSE,1
263,13,16,0,452,FALSE,1
8,0,4,0,528,FALSE,1
30,564,0,5,22,TRUE,1
5528,117,197,71,5201,FALSE,1
1,495,0,87,97,FALSE,1
274,2,14,21,15340,FALSE,1
1640,26,20,14,19151,FALSE,1
689,4,35,1,46115,FALSE,1
647,0,7,3,75704,FALSE,1
1870,4,102,3,16468,FALSE,1
2,316,0,22,31,FALSE,1
3523,2726,142,32,18407,FALSE,1
0,10,0,56,79,FALSE,1
2,362,0,34,39,FALSE,1
33,13,10,0,1136,FALSE,1
7,30,0,0,2,FALSE,1
570,0,40,1,5096,FALSE,1
993,4992,20,8,108,TRUE,1
3153,103,6295,0,288368,FALSE,1
209,578,0,29,130,FALSE,1
15659,0,380,0,849518,FALSE,1
17,1926,1,279,369,FALSE,1
99,563,1,1,46,FALSE,1
34,1,8,0,41492,FALSE,1
0,37,0,0,0,,1
492,14,27,1,107,FALSE,1
69,1513,0,0,1,FALSE,1
6,0,6,0,1066,FALSE,1
43536,1,131,1,104405,FALSE,1
712,623,38,1423,38905,FALSE,1
153,0,7,0,144271,FALSE,1
119,0,11,0,1761,FALSE,1
9,1,9,0,2983,FALSE,1
41,8,0,0,2,FALSE,1
213,0,23,0,5685,FALSE,1
463,14,28,4,2754,FALSE,1
17,215,0,0,1,FALSE,1
90,22,0,0,29724,FALSE,1
93,95,15,0,23391,FALSE,1
20,1867,0,286,397,FALSE,1
153,2,9,3,391,FALSE,1
119,1,21,0,18719,FALSE,1
27,1928,0,314,355,FALSE,1
0,25,0,0,0,FALSE,1
12,0,4,0,251,FALSE,1
978,2104,3,3,114,TRUE,1
575,0,43,6,4204,TRUE,1
1,69,0,0,11,FALSE,1
0,67,0,0,0,,1
1514,4218,2,523,522,FALSE,1
55,2,4,0,759,FALSE,1
41056,304,39,1009,63307,TRUE,1
2097,4,62,0,47707,FALSE,1
2399,4936,147,319,5581,FALSE,1
27728,65,589,452,16231,FALSE,1
42,0,3,1,964,FALSE,1
110,111,14,0,3609,FALSE,1
4294,7,41,134,72621,FALSE,1
0,264,0,11,20,FALSE,1
340,0,51,0,188270,FALSE,1
1902,3,447,11,95201,FALSE,1
493,7,28,0,2964,TRUE,1
39,0,14,0,208,FALSE,1
190,657,31,39,594,FALSE,1
557,3,6,11,440,FALSE,1
1651,1,52,0,1599,FALSE,1
202,8,23,0,2978,FALSE,1
986,1,87,15734,30417,FALSE,1
957,2826,39,3255,4413,FALSE,1
3,343,0,37,41,FALSE,1
0,148,0,7,17,FALSE,1
372,4815,0,15,2,FALSE,1
7503,0,122,1,108527,FALSE,1
10407,11555,256,0,25783,FALSE,1
1511,138,101,0,30161,FALSE,1
29,1,9,0,105,FALSE,1
253,0,37,0,40184,FALSE,1
1174,19,58,23,1145,FALSE,1
6805,88,25,0,3272,TRUE,1
1,280,0,19,16,FALSE,1
943,1,75,0,14074,FALSE,1
79,0,21,0,40308,FALSE,1
302,1,53,0,2953,FALSE,1
10684,158,31,41,91,TRUE,1
75,0,7,0,6414,FALSE,1
158,2410,0,0,1,FALSE,1
7,1,8,0,5856,FALSE,1
1,387,0,33,44,FALSE,1
101,1,19,0,1281,FALSE,1
133,271,0,39,18,FALSE,1
280,0,24,0,717,FALSE,1
299,1,21,0,3855,FALSE,1
3738,7,86,24,59713,FALSE,1
4,0,5,0,127,TRUE,1
1,41,0,154,1,FALSE,1
180,4,7,2,5265,FALSE,1
280,0,28,0,6413,FALSE,1
36,1,7,0,3649,FALSE,1
632,0,42,0,2822,FALSE,1
1,30,0,98,106,FALSE,1
371,5,45,1,70202,FALSE,1
17,564,0,0,4,FALSE,1
20,287,0,2,1,TRUE,1
412,15,32,0,46926,FALSE,1
533,0,42,0,7145,FALSE,1
2623,5,52,409,3952,FALSE,1
202,1,28,0,1678,FALSE,1
98,24,7,2,3336,FALSE,1
694,0,54,0,22368,FALSE,1
168,2,18,0,12406,FALSE,1
147,0,31,0,96,FALSE,1
4087,1,5,1,3549,FALSE,1
75,4,12,12,1770,TRUE,1
8,669,1,133,177,FALSE,1
237,1,32,0,27579,FALSE,1
0,60,0,0,0,,1
8,91,0,0,18,FALSE,1
702,1359,4,0,94409,FALSE,1
129,4,19,0,1168,FALSE,1
292,2225,0,0,0,FALSE,1
0,461,0,64,93,FALSE,1
4,445,0,60,80,FALSE,1
1,258,0,14,14,FALSE,1
99,0,17,0,1665,FALSE,1
66,2,24,0,432,FALSE,1
752,0,4,86,21132,FALSE,1
15,3,2,721,854,FALSE,1
1902,94,98,5,21114,FALSE,1
5744,3,112,2,105941,FALSE,1
1,162,0,0,0,FALSE,1
8,0,6,0,41,FALSE,1
52,222,0,10,1,FALSE,1
421,1636,34,0,4701,FALSE,1
413,148,37,0,22,FALSE,1
1479,3,11,19,32440,FALSE,1
252,2,38,70,15823,FALSE,1
163,206,11,12,502,FALSE,1
3,30,0,0,1,TRUE,1
65,0,21,0,10069,FALSE,1
6766,3006,169,83,79860,FALSE,1
1637,1770,18,2,66824,FALSE,1
116,0,39,0,8421,FALSE,1
24,712,1,2,22,TRUE,1
239,344,15,0,9347,FALSE,1
8073,1,118,0,29984,FALSE,1
29,97,0,0,3,TRUE,1
0,20,0,0,0,,1
372,1136,1,1,46,TRUE,1
6,0,5,0,2751,FALSE,1
16748,41,11,20542,837,FALSE,1
204,0,28,2,23502,FALSE,1
12853,13,453,0,4874,FALSE,1
16,3,5,1,119,FALSE,1
592885,13699,13723,3716,51157,FALSE,1
36,0,12,1,394,FALSE,1
392,0,17,0,1325,FALSE,1
5476,385,96,4,5846,FALSE,1
22,2107,1,297,387,FALSE,1
3,230,0,23,25,FALSE,1
2,352,0,23,44,FALSE,1
51,0,19,0,13622,FALSE,1
61,3,12,0,6000,FALSE,1
3569,6,137,134,2459,TRUE,1
2,262,0,13,19,FALSE,1
11,201,0,26,5,TRUE,1
1226,2636,24,25,664,TRUE,1
1,455,0,72,121,FALSE,1
57,1,10,0,79525,FALSE,1
1211,1,35,0,160,FALSE,1
0,338,0,32,35,FALSE,1
0,98,0,0,2,FALSE,1
131,1,26,0,1622,FALSE,1
247,0,53,2,17811,FALSE,1
85,13,2,1637,115,FALSE,1
284,29,31,1,4865,FALSE,1
5259,3881,65,83,545,FALSE,1
176,16,25,4,5040,FALSE,1
66,1,13,0,2989,FALSE,1
36,0,9,0,416,FALSE,1
633,43,65,76,1627,FALSE,1
7,163,0,0,1,FALSE,1
55,1343,0,0,0,FALSE,1
5,505,0,90,114,FALSE,1
5730,951,223,3634,16205,FALSE,1
4956,7,202,100,2179,FALSE,1
2,350,0,20,21,FALSE,1
533,2,34,2,1056,FALSE,1
8,725,0,172,191,FALSE,1
98,8,14,2,3375,FALSE,1
29,0,16,0,2839,FALSE,1
2,14,0,1,1,FALSE,1
461,95,95,0,115356,FALSE,1
601,0,53,0,24135,FALSE,1
912,1164,56,3951,23106,FALSE,1
236,0,26,0,9719,FALSE,1
85,4707,0,2,4,FALSE,1
14491,134,1229,2923,2497530,FALSE,1
281,0,27,0,879,FALSE,1
60,11,11,2,4882,FALSE,1
10,1,4,0,787,FALSE,1
174,6,13,0,1699,FALSE,1
66,1801,1,0,30,TRUE,1
148,0,21,0,12083,FALSE,1
2047969,102396,13095,860,67905,FALSE,1
326,947,0,0,13,TRUE,1
2,353,0,18,30,FALSE,1
15,134,0,0,3,FALSE,1
445,4997,2,109,83,TRUE,1
369,1,16,0,318279,FALSE,1
8392,30,159,1361,5730,FALSE,1
20723,3,159,33,663,FALSE,1
0,30,0,0,0,,1
2800,3049,19,20941,17985,FALSE,1
939,0,21,1,626,FALSE,1
4896,8,2186,57638,57640,FALSE,1
1,331,1,15,29,FALSE,1
500,0,24,0,5719,FALSE,1
139,43,8,0,6345,FALSE,1
5,0,2,0,424,FALSE,1
1,498,0,103,102,FALSE,1
30,0,8,0,11572,FALSE,1
207,5,23,108,728,FALSE,1
45,0,13,0,81,FALSE,1
190,187,20,1,11079,FALSE,1
38,113,0,1,1,FALSE,1
197,0,82,0,684818,FALSE,1
3,659,1,136,169,FALSE,1
598,1,42,0,9684,FALSE,1
88195,82994,1736,892,1933,FALSE,1
132,0,31,0,14516,FALSE,1
2,25,0,44,88,FALSE,1
187,4271,0,51,165,FALSE,1
8,5,6,0,27,FALSE,1
879,1,151,2426,1217604,FALSE,1
12,0,7,2,8637,FALSE,1
9,25,0,400,385,FALSE,1
6,36,0,77,151,FALSE,1
0,32,0,59,82,FALSE,1
1,337,0,38,30,FALSE,1
211,1,31,0,46816,FALSE,1
113,0,32,0,25120,FALSE,1
0,235,0,14,14,FALSE,1
1810,1,36,24,35024,FALSE,1
58,0,18,0,7839,FALSE,1
86,28,16,127,211,FALSE,1
17,4,4,0,228,FALSE,1
14,593,0,1,4,FALSE,1
12,742,1,148,175,FALSE,1
35,2118,5,364,570,FALSE,1
5,69,0,2,0,,1
86,433,1,174,26,FALSE,1
29,10,16,0,5197,FALSE,1
1254,2,2852,3,335950,FALSE,1
36,0,12,879,467,FALSE,1
252,6,17,11,236,FALSE,1
2,52,0,87,128,FALSE,1
0,308,0,21,24,FALSE,1
52,1,15,0,15085,FALSE,1
0,30,0,0,0,,1
39,0,12,0,9729,FALSE,1
1421,2157,25,166,169,FALSE,1
1701,1,145,1,3105,FALSE,1
0,20,0,0,0,,1
17,0,6,0,1859,FALSE,1
82,1,18,0,2087,FALSE,1
1,398,0,31,61,FALSE,1
10,168,1,18,4,TRUE,1
69,1193,0,2,10,FALSE,1
4,140,0,0,1,,1
21,1880,5,305,454,FALSE,1
292,0,30,0,40166,FALSE,1
4419,1,129,12,10626,FALSE,1
0,18,0,0,0,,1
1786,2525,21,1,136932,FALSE,1
148,1,18,0,178,FALSE,1
286,0,22,0,94599,FALSE,1
85,0,5,0,205,FALSE,1
276,264,27,2,83013,FALSE,1
206,124,0,0,4,FALSE,1
81,1,10,0,2459,FALSE,1
74704,1,618,5919,49429,FALSE,1
212,2,54,0,8468,FALSE,1
116,1,9,0,4659,FALSE,1
371,1,32,2,3849,FALSE,1
12,1053,0,0,2,FALSE,1
156,2,12,4,7075,FALSE,1
17,0,6,1,0,FALSE,1
2482,1,94,4,5597,FALSE,1
50,0,2,1,1557,FALSE,1
404,621,9,12,1169,FALSE,1
175,2,20,2,8843,FALSE,1
0,70,0,0,0,,1
5,0,4,0,4472,FALSE,1
662,0,67,0,56625,FALSE,1
4,492,0,57,76,FALSE,1
7,31,0,19,69,FALSE,1
11,1983,0,323,397,FALSE,1
152,374,0,47,1044,FALSE,1
3,29,0,0,1,FALSE,1
1264,1288,115,0,24133,FALSE,1
128,1,16,1,3533,FALSE,1
0,26,0,47,65,FALSE,1
46,20,8,0,516,FALSE,1
684,68,5,6,9645,TRUE,1
7,0,5,0,104,FALSE,1
20,300,0,6,1,FALSE,1
3745,0,171,0,3063,FALSE,1
35906,35744,130,864,3027,FALSE,1
78,2,5,1,677,FALSE,1
68,0,18,2,2407,FALSE,1
51,2,24,4,18514,FALSE,1
12349,5,142,203,20547,FALSE,1
65,220,5,1,24,FALSE,1
4,70,0,1,1,TRUE,1
627,10,26,6,1634,FALSE,1
83,6,13,1,13849,FALSE,1
4,537,0,90,103,FALSE,1
864,5,62,0,23022,FALSE,1
4937,5,135,0,1641,FALSE,1
307,4,14,5,2060,FALSE,1
242,1,36,20,69791,FALSE,1
777,4732,0,0,0,FALSE,1
10,0,9,0,5205,FALSE,1
43,0,0,0,2507,FALSE,1
3246,2757,79,6466,69884,FALSE,1
0,0,5,183,1,FALSE,1
107,1,17,0,16414,FALSE,1
299,42,10,0,26508,FALSE,1
17,1903,1,311,366,FALSE,1
22,201,0,7,8,FALSE,1
33,1,6,2,1029,FALSE,1
12415,402,122,201,5986,FALSE,1
99348,3,7,4,428,FALSE,1
27481,1,265,4,42940,FALSE,1
305,29,7,3,162,FALSE,1
98,48,14,4,2830,FALSE,1
514,0,50,0,7455,FALSE,1
495,1,33,0,4756,FALSE,1
275,252,6,103,755,FALSE,1
0,15,0,0,0,FALSE,1
0,33,0,56,83,FALSE,1
3,63,0,0,1,,1
4,102,0,0,1,,1
1,367,0,29,37,FALSE,1
337,2,42,12,7870,FALSE,1
1599,3,3,2,18100,FALSE,1
26,4,5,0,3799,FALSE,1
10250,10378,194,211,262067,FALSE,1
43869,4786,69,125,120082,FALSE,1
4,28,0,0,2,TRUE,1
2,41,0,0,1,FALSE,1
0,264,0,29,51,FALSE,1
21,0,7,1,65,FALSE,1
483883,0,4614,0,62634,FALSE,1
461,873,0,0,126,FALSE,1
4,32,0,0,29,FALSE,1
0,14,0,81,95,FALSE,1
788,0,7,0,2358,TRUE,1
1,319,0,19,25,FALSE,1
2,101,0,2,7,,1
15,3,2,0,401,FALSE,1
1645,1893,14,6,5024,FALSE,1
6,0,4,0,11,FALSE,1
337,2,40,0,28941,FALSE,1
67,0,13,1,144,FALSE,1
743,14,163,0,21164,FALSE,1
179,1,10,0,1149,FALSE,1
33,38,8,0,17,FALSE,1
332,242,16,2,366,FALSE,1
61,0,3,0,81,FALSE,1
2,341,0,29,44,FALSE,1
347,147,2,169,10042,TRUE,1
4,24,0,1,0,,1
113,1,5,0,776,FALSE,1
5,93,0,5,1,,1
98,45,28,38,223659,FALSE,1
47,65,0,0,3,TRUE,1
49,2,17,7,323,FALSE,1
1,38,0,67,97,FALSE,1
10832,2673,42,2413,34971,FALSE,1
0,26,0,21,23,FALSE,1
168,224,29,432,7028,FALSE,1
133554,95060,1455,1453,40763,FALSE,1
102,1,5,0,266,FALSE,1
4369,0,48,0,1542,FALSE,1
970,1,73,0,2023,FALSE,1
13,0,2,0,1947,FALSE,1
104938,1064,482,11928,18504,FALSE,1
481,0,78,0,6391,FALSE,1
712,3,32,0,24996,FALSE,1
23,121,0,62,16,FALSE,1
32,1582,0,0,4,FALSE,1
132,1,10,2,503,FALSE,1
6212,6397,136,329,206723,FALSE,1
2807,1,140,3,1470,FALSE,1
2339,1,138,0,3625,FALSE,1
6645,1,191,168,8416,FALSE,1
2271,3,110,0,15514,FALSE,1
261,0,10,6,3410,FALSE,1
93,1,16,0,29804,FALSE,1
2,31,0,159,1,FALSE,1
38,835,0,0,4,FALSE,1
5280,6,164,9,17341,FALSE,1
11,205,0,22,0,,1
111,0,16,0,1719,FALSE,1
5,389,0,1,0,,1
7,40,4,0,113,FALSE,1
9,0,7,0,130,FALSE,1
5,603,1,155,166,FALSE,1
78,0,11,21,692,FALSE,1
38529,6,940,0,10857,FALSE,1
741,3,19,2,1125,FALSE,1
2,116,0,4,8,,1
1219,87,72,311,2200,FALSE,1
1,9,0,0,1,FALSE,1
181,1,25,0,60475,FALSE,1
7,0,5,0,1381,TRUE,1
62,1,9,1,1760,FALSE,1
312,2,13,21,856,FALSE,1
274,1728,0,11,11,FALSE,1
154,2,16,4,658,FALSE,1
703,32,1,0,2755,FALSE,1
1553,2038,9,1131,31437,FALSE,1
51,1832,0,79,636,FALSE,1
0,260,0,18,19,FALSE,1
74,2,5,0,608,FALSE,1
207,8,21,0,5591,FALSE,1
69,4,12,1,171,FALSE,1
52,2,16,21,7996,TRUE,1
69,12,12,0,175,FALSE,1
567,0,2,0,16733,FALSE,1
912,2,17,19,3528,FALSE,1
29,52,5,4,58,FALSE,1
35,0,8,0,2050,FALSE,1
364,0,22,2,25220,FALSE,1
40,0,9,25,1868,FALSE,1
828,13,18,6,19596,FALSE,1
61,150,0,191,130,FALSE,1
273,0,19,0,7507,FALSE,1
216,1,23,0,1725,FALSE,1
15,159,2,0,525,FALSE,1
342,0,42,0,22070,FALSE,1
60,1,13,1,9249,FALSE,1
447,1,50,0,21892,FALSE,1
9301,1830,41,143,13454,TRUE,1
97,0,21,0,34097,FALSE,1
13049,0,115,0,260879,FALSE,1
152,141,17,3,2281,FALSE,1
501,1,27,1,2146,FALSE,1
6776,4,174,287,3753,FALSE,1
14,0,7,0,129,FALSE,1
1396,2,57,0,5126,FALSE,1
473,5,35,0,1814,FALSE,1
6,124,0,2,0,TRUE,1
5,474,1,80,81,FALSE,1
2,51,0,0,0,,1
43,1,19,0,3846,FALSE,1
798,1,54,0,2539,FALSE,1
2923,1,52,0,652,FALSE,1
400,287,55,1,27635,FALSE,1
9212,2,235,0,8996,FALSE,1
1,336,0,35,33,FALSE,1
169,18,3,3,4,FALSE,1
86,0,25,0,22951,FALSE,1
4159,5001,120,15,51,FALSE,1
316,1981,28,2631,42565,FALSE,1
70,0,20,1,16312,FALSE,1
66,2,20,0,5647,FALSE,1
79,1,10,0,3615,FALSE,1
52957,710,1709,29,379275,FALSE,1
6,43,0,12,2,TRUE,1
258,2883,3,90,5401,FALSE,1
2,685,4,164,204,FALSE,1
127,1,17,0,2836,FALSE,1
38,69,14,446,2957,FALSE,1
248,231,46,56,71111,FALSE,1
20,0,8,0,84,FALSE,1
1787,1,24,0,27932,FALSE,1
110,0,20,0,4185,FALSE,1
1,32,0,66,93,FALSE,1
602,830,18,2,93873,FALSE,1
2,21,0,2,1,TRUE,1
297,0,10,0,330,FALSE,1
280,310,4,14,11307,FALSE,1
620,2,49,0,40633,FALSE,1
256,639,11,0,1250,FALSE,1
114,205,6,0,136271,FALSE,1
114,243,6,0,4385,FALSE,1
1536,1894,16,2161,3545,FALSE,1
66,3716,0,0,0,FALSE,1
183,1,16,1,3511,FALSE,1
3,0,1,0,5236,FALSE,1
693,0,37,1,12910,FALSE,1
17289,8538,430,0,772559,FALSE,1
990,7,122,2,35869,FALSE,1
436,1,53,0,25646,FALSE,1
81,39,20,0,1752,FALSE,1
515,1,52,0,1271,FALSE,1
142,24,12,33,723,FALSE,1
0,35,0,38,44,FALSE,1
12,2004,0,276,333,FALSE,1
491,4970,1,187,118,TRUE,1
56,1,13,1,7118,TRUE,1
0,99,0,0,0,,1
15,1,5,0,170,FALSE,1
90,3,11,2,6585,FALSE,1
6,157,0,11,0,FALSE,1
4,30,0,1,3,FALSE,1
41381,42166,181,0,1617,FALSE,1
63,1,15,0,2078,FALSE,1
0,28,0,0,0,,1
175,1,48,1,13142,FALSE,1
0,353,0,25,67,FALSE,1
5558,6032,16,115,1877,TRUE,1
500,726,10,17962,22712,TRUE,1
6,662,0,156,211,FALSE,1
56836,1,690,3,6863363,FALSE,1
27004,21,830,158,3979,FALSE,1
352,0,47,0,11068,FALSE,1
735,1,19,0,45914,FALSE,1
43721,165,681,0,938563,FALSE,1
7203,1,354,3,3235,FALSE,1
1,29,0,0,1,TRUE,1
7,644,1,156,214,FALSE,1
231,2,172,72,17500,FALSE,1
2003,0,167,54,39446,FALSE,1
347,4,53,39,42526,FALSE,1
10,100,1,0,1,TRUE,1
87216,15228,402,768,717,FALSE,1
59,0,13,0,1343,FALSE,1
3437,2,106,0,4356,FALSE,1
760,1,45,31,4193,FALSE,1
136,2,14,0,5684,FALSE,1
27,326,0,7,472,FALSE,1
5,662,1,169,208,FALSE,1
5,187,0,6,1,TRUE,1
0,292,0,31,31,FALSE,1
0,260,0,17,15,FALSE,1
84,14,3,0,238,FALSE,1
16,1,8,0,3222,TRUE,1
11,2,7,0,5464,FALSE,1
64,0,26,0,3947,FALSE,1
20,96,0,374,1,,1
10,728,0,133,174,FALSE,1
1,3,0,0,1,FALSE,1
25,95,4,0,2722,FALSE,1
0,39,0,0,0,,1
33,2272,0,287,362,FALSE,1
7230,947,1019,162,75122,FALSE,1
1692,1,141,0,1575,FALSE,1
4,704,1,168,198,FALSE,1
67,242,7,45,470,FALSE,1
1444,17,192,0,54742,FALSE,1
40,0,18,0,5052,FALSE,1
2,337,0,21,25,FALSE,1
1307,1,61,0,2285,FALSE,1
159,474,1,174,562,FALSE,1
50,0,13,0,1462,FALSE,1
129,1,23,0,2341,FALSE,1
216,12,13,0,2535,FALSE,1
2,287,0,12,17,FALSE,1
0,276,0,16,42,FALSE,1
7,33,0,0,3,TRUE,1
475,0,27,0,17299,FALSE,1
0,7,0,3,1,FALSE,1
8372,4,23,0,2455,FALSE,1
21,1921,1,260,322,FALSE,1
366,0,59,0,19686,FALSE,1
2101,1693,241,16017,2175,FALSE,1
12090,12774,213,0,49305,FALSE,1
10,0,8,0,289,FALSE,1
3621,250,33,0,5479,FALSE,1
10,164,0,64,66,FALSE,1
26040,729,235,0,87219,FALSE,1
8,0,9,0,764,TRUE,1
62,4,26,19,23134,FALSE,1
1802,1,124,5,5034,FALSE,1
1609,0,60,0,1670,FALSE,1
0,111,0,2,1,TRUE,1
3,0,4,0,1208,FALSE,1
60674,1,688,1605,12130,FALSE,1
0,44,0,45,69,FALSE,1
2838,6,97,0,11889,FALSE,1
1811,15,262,20,29998,FALSE,1
1157,0,11,2,54289,FALSE,1
4391,0,113,4,8732,FALSE,1
8,766,1,142,208,FALSE,1
49,277,1,0,7,FALSE,1
1727,46,47,193,28918,FALSE,1
0,25,0,62,86,FALSE,1
1,41,1,80,126,FALSE,1
50196,48860,5850,112382,81267,TRUE,1
314,0,50,0,2978,FALSE,1
5,73,0,1,0,,1
660,3,37,5,4529,FALSE,1
0,39,0,0,0,,1
64,0,13,0,180,FALSE,1
185,1,14,0,573,FALSE,1
3,201,0,1,1,TRUE,1
571,6,13,11,72830,FALSE,1
0,21,0,0,0,,1
33,1,10,0,4032,TRUE,1
0,327,0,26,31,FALSE,1
11,820,0,157,587,FALSE,1
1087,1,40,0,1947,FALSE,1
1,328,0,27,26,FALSE,1
26,1949,2,300,386,FALSE,1
29879,108,88,1589,50659,FALSE,1
1,496,0,95,108,FALSE,1
206,2,16,8,18817,FALSE,1
1323,1538,18,186,912,FALSE,1
546,96,16,12,2639,FALSE,1
1120,1168,5,1459,1556,FALSE,1
7812,5,263,0,4464,FALSE,1
1040,0,61,1,2633,FALSE,1
0,256,0,13,11,FALSE,1
0,28,0,103,145,FALSE,1
8,0,8,0,2115,FALSE,1
0,25,0,60,69,FALSE,1
60,258,0,93,93,FALSE,1
82,83,9,3,653,FALSE,1
12,2,15,0,7086,FALSE,1
62,973,0,10890,1,FALSE,1
1047,1,60,0,3661,FALSE,1
85,1,14,0,24631,FALSE,1
23,1863,1,271,374,FALSE,1
320,4,33,13,5570,FALSE,1
27264,3516,383,5,508835,FALSE,1
16,1859,0,262,336,FALSE,1
2,41,0,68,119,FALSE,1
4547,2,138,137,59621,TRUE,1
1,38,0,74,89,FALSE,1
31,0,6,0,975,FALSE,1
170,3,2,0,22899,FALSE,1
23,0,14,0,2584,FALSE,1
74,744,1,90,14,FALSE,1
372,2105,14,1,12,FALSE,1
71727,34,778,0,109163,FALSE,1
36,1,10,0,1025,FALSE,1
13,3,4,0,79,FALSE,1
861,2,48,0,6567,FALSE,1
0,337,0,20,37,FALSE,1
98,2,19,0,3621,FALSE,1
8,674,0,144,176,FALSE,1
300,1,12,1,777,FALSE,1
75,48,13,0,2080,FALSE,1
22,1,9,0,3868,FALSE,1
61,0,25,1,148294,FALSE,1
155,0,29,0,9286,FALSE,1
7872,2,264,2,72176,FALSE,1
656,9,25,36,3306,FALSE,1
540,2,65,0,745,FALSE,1
8,1,1,0,0,FALSE,1
183,3,5,0,31,FALSE,1
77,39,13,4,2828,FALSE,1
7,2,5,0,2296,FALSE,1
1533,1714,14,0,19176,FALSE,1
378,4,31,1,11085,TRUE,1
55,0,18,0,10002,FALSE,1
362770,355287,1895,9,3042,TRUE,1
32,17,2,3,173,FALSE,1
7,1,7,0,246,FALSE,1
20,1883,1,302,374,FALSE,1
1104,136,29,0,483,FALSE,1
290,1,20,0,1196,FALSE,1
236,0,37,0,2821,FALSE,1
1,341,0,23,31,FALSE,1
1854,8,2480,11,127238,FALSE,1
35,206,0,0,4,FALSE,1
6,2,2,0,6609,FALSE,1
388,13,9,2,21390,FALSE,1
18,0,7,0,1262,FALSE,1
6,635,0,163,251,FALSE,1
0,350,0,23,35,FALSE,1
74,0,7,1,9057,FALSE,1
7,0,9,0,2192,FALSE,1
2,1,4,0,63519,FALSE,1
1242,4610,26,0,8743,FALSE,1
18,334,0,47,42,FALSE,1
60427,0,320,0,68521,FALSE,1
9,1,5,0,95,TRUE,1
1186,1774,3,0,85162,FALSE,1
17,221,1,15,444,FALSE,1
3,698,0,136,178,FALSE,1
56,1,17,0,12245,FALSE,1
67,0,19,0,120232,FALSE,1
1,509,0,75,104,FALSE,1
142,1,20,0,3555,FALSE,1
3508,4053,3,0,7252,TRUE,1
2235,0,175,2,23695,FALSE,1
0,28,0,49,90,FALSE,1
251,131,36,1,362,FALSE,1
528,1,33,1,14915,FALSE,1
247,12,24,0,13551,FALSE,1
173,0,7,2,1188,FALSE,1
15,1770,7,293,444,FALSE,1
187,0,16,14,1577,FALSE,1
396,1,30,0,3631,FALSE,1
0,72,0,4,2,FALSE,1
0,259,0,21,18,FALSE,1
50,6,12,2,2001,FALSE,1
2352,5001,79,3943,32426,FALSE,1
17,0,2,0,170,FALSE,1
585,3479,1,0,212,FALSE,1
0,26,0,68,70,FALSE,1
9,213,0,2,1,,1
343,1,8,0,5140,FALSE,1
10,1,5,0,13148,FALSE,1
300,1,17,0,4092,FALSE,1
7,166,0,2,15,FALSE,1
13681,3306,15866,88,882734,FALSE,1
1,333,0,35,31,FALSE,1
1026,1,74,0,3456,FALSE,1
1075,0,24,0,703,FALSE,1
2048,5,79,75,25498,FALSE,1
35,2,7,0,4571,FALSE,1
107,541,0,151,650,FALSE,1
449,0,9,0,998,FALSE,1
799,1,58,0,11373,FALSE,1
516,14,109,133,38073,FALSE,1
576,39,10,21,52048,FALSE,1
79,195,0,23,34,TRUE,1
0,37,0,39,63,FALSE,1
2,465,0,56,76,FALSE,1
8,660,2,127,190,FALSE,1
211,321,1,24,26,TRUE,1
14,0,7,0,2653,FALSE,1
2832,2,12,34,34306,FALSE,1
2,492,0,71,79,FALSE,1
113,28,15,2,3053,FALSE,1
2,236,0,15,20,FALSE,1
172,69,21,5,1065316,FALSE,1
150,0,18,6,326,FALSE,1
5,485,0,90,98,FALSE,1
18,1,4,0,2585,FALSE,1
90,0,17,1,21327,FALSE,1
13,0,3,0,1805,FALSE,1
3,28,0,60,96,FALSE,1
159,0,8,0,904,FALSE,1
80,98,8,2,375,FALSE,1
38194,68,775,60,1393,FALSE,1
110,1,13,2,6511,FALSE,1
56,39,13,0,247223,FALSE,1
1,253,0,25,26,FALSE,1
49,12,7,1,831,FALSE,1
145,0,7,0,153,FALSE,1
566,122,56,7,33258,FALSE,1
1353,76,4,1,21536,FALSE,1
22,0,10,0,1212,FALSE,1
4,668,0,125,172,FALSE,1
4,343,1,0,1,FALSE,1
331,890,1,3,11,FALSE,1
0,2,0,0,1,FALSE,1
281,0,40,0,1224,FALSE,1
407,2,0,1,32573,FALSE,1
6,341,0,42,73,FALSE,1
195,1,14,5,5949,FALSE,1
26,0,9,0,1317,FALSE,1
1727,1030,38,117,1639,FALSE,1
35,3,17,0,53057,FALSE,1
21,2033,1,317,403,FALSE,1
85,1,0,0,1000,FALSE,1
10280,1,270,0,1592,FALSE,1
13091,10734,2490,1005,53518,FALSE,1
2896,2,225,15,113733,FALSE,1
882,231,11,3,2826,FALSE,1
1374,2102,13,2,114,FALSE,1
318,4,44,0,128811,FALSE,1
80,0,21,0,39803,FALSE,1
182,0,27,0,3322,FALSE,1
1,315,0,13,27,FALSE,1
299,0,24,0,14332,FALSE,1
372,0,12,0,2714,FALSE,1
80,0,10,1,4854,FALSE,1
3,314,0,34,56,FALSE,1
2,276,0,23,23,FALSE,1
1084,1368,43,0,10281,FALSE,1
31,1,8,0,4911,FALSE,1
1628,4,7,3,5155,FALSE,1
1510,2126,20,0,207479,FALSE,1
109901,85639,650,3550,455,FALSE,1
197,0,11,0,199,FALSE,1
6465,5916,133,0,18513,FALSE,1
3,114,0,2,1,FALSE,1
88,29,4,0,178,FALSE,1
32,1,9,0,2290,FALSE,1
130,0,0,0,3190,FALSE,1
2,334,0,19,27,FALSE,1
6,3,7,0,253,FALSE,1
276,540,6,21524,3062,TRUE,1
887,0,14,20624,43512,FALSE,1
47,45,10,113,1752,FALSE,1
1,42,0,0,0,,1
1461,197,134,1,23533,FALSE,1
128,0,6,0,151,FALSE,1
806,4924,1,92,19,FALSE,1
0,14,0,0,0,,1
41,0,11,0,300,FALSE,1
5418,4307,97,1,45675,FALSE,1
98866,108366,122,851,868,FALSE,1
0,240,0,21,13,FALSE,1
3,156,0,0,2,FALSE,1
904,0,19,0,1123,FALSE,1
35,54,2,0,114,FALSE,1
282,2205,0,1,3,TRUE,1
3588,0,135,0,18413,FALSE,1
132,46,24,740,7346,FALSE,1
3788,4466,41,3,297198,FALSE,1
67,0,17,0,103,FALSE,1
883,1,42,0,2574,FALSE,1
3835,1,77,1,1432,FALSE,1
410,0,29,0,7709,FALSE,1
78,41,0,6628,4249,FALSE,1
235,192,9,4,7875,FALSE,1
530,2,18,2,298,FALSE,1
0,30,0,0,0,,1
2845,4,62,0,16272,FALSE,1
52,1,10,0,80,FALSE,1
683,0,35,0,577,FALSE,1
173,0,13,0,6893,FALSE,1
83215,12,1789,45,2063,FALSE,1
6,17,0,0,1,FALSE,1
10,2,4,0,5775,FALSE,1
2,249,0,14,26,FALSE,1
78,0,31,0,10130,FALSE,1
82,0,9,0,4591,FALSE,1
87,0,9,0,2905,FALSE,1
3,21,0,0,0,FALSE,1
11,0,6,0,52,FALSE,1
260,0,34,0,25155,FALSE,1
291,1,17,30,3223,FALSE,1
159,6,26,0,5019,FALSE,1
40,0,15,0,3921,FALSE,1
1814,0,172,5106,57061,FALSE,1
0,280,0,21,31,FALSE,1
0,9,0,0,0,,1
806,85,32,229,1497,FALSE,1
25,524,0,1,1,FALSE,1
77,1,27,0,5057,FALSE,1
140,0,2,0,16203,FALSE,1
41,0,12,0,2397,FALSE,1
1248,7,3,0,11708,FALSE,1
662,3,6,60,29818,FALSE,1
49,1,6,23,9820,FALSE,1
0,35,0,58,83,FALSE,1
1148,7,12,6,24607,FALSE,1
2,85,0,7,11,FALSE,1
19,23,4,2,2768,TRUE,1
10057,7468,108,1905,1459,FALSE,1
1464,40,157,996,144584,FALSE,1
490,1,21,0,927,FALSE,1
93,0,24,0,5145,FALSE,1
36,1,11,0,793,FALSE,1
60,32,6,2,4365,FALSE,1
214,0,20,0,9727,FALSE,1
34,787,0,7,2,FALSE,1
571310,76070,4909,37437,56077,TRUE,0
292385,963,6076,1248,16688,FALSE,0
1,7,0,0,3,FALSE,0
222659,352,3261,143,10999,FALSE,0
646,446,2,13440,25292,FALSE,0
2,5,0,0,2,FALSE,0
27,25,0,17,50,FALSE,0
316,192,9,2257,7329,TRUE,0
211616,8617,4071,1941,2037,FALSE,0
429604,600,4999,30,497,FALSE,0
106,153,0,973,1408,FALSE,0
17118,385,950,4,3168,FALSE,0
94714,43,1137,0,1,FALSE,0
1793645,428911,15982,6881,155671,TRUE,0
328658,110,4381,3,319,FALSE,0
1159,2524,152,160,4718,TRUE,0
383,324,20,145,389,FALSE,0
132562,842,3292,4046,5000,FALSE,0
9021504,16,34282,11,13245,FALSE,0
74952,340,541,8101,7931,FALSE,0
22270820,263,87505,2329,46185,FALSE,0
829658,56,2714,490,16192,TRUE,0
56,708,0,112,95,TRUE,0
1132,8,7,32,656,TRUE,0
40,51,0,19,914,FALSE,0
106,318,3,11,441,FALSE,0
658530,369,2166,1163,13327,FALSE,0
3039240,1744,35817,412,37953,FALSE,0
747,639,33,3649,3918,TRUE,0
35916070,277,90152,147,11904,FALSE,0
5324864,45,3190,49,1537,FALSE,0
6055541,881,5,28,5536,FALSE,0
2026336,53,7295,6,487,FALSE,0
829,621,36,753,9500,FALSE,0
6298,3780,82,85334,46617,TRUE,0
243582,489,3900,24206,17195,FALSE,0
958913,3664,4424,467,44581,FALSE,0
75,426,3,1147,269,FALSE,0
19451,6,36,37,254,FALSE,0
22,95,0,86,52,FALSE,0
113,280,6,2600,4538,FALSE,0
4,81,0,133,3,,0
2665301,299,2444,1301,9572,TRUE,0
13305,1154,392,1251,3571,FALSE,0
4,27,0,32,18,FALSE,0
289928,1061,1433,18,19353,FALSE,0
867,1544,39,87,1058,FALSE,0
45,150,24,32,108,FALSE,0
3262,454,15,1346,1355,FALSE,0
97,105,1,1777,1439,FALSE,0
26434,553,304,3786,7110,FALSE,0
417924,16771,2135,999,39013,FALSE,0
21,48,0,482,233,,0
151,1833,4,164,591,FALSE,0
8381372,203,47130,21,6834,FALSE,0
2006589,1993,6702,429,33226,FALSE,0
157,281,7,0,4421,FALSE,0
2287,4297,13,1558,497,TRUE,0
289,208,4,20,1247,FALSE,0
63996,4883,167,297,6896,FALSE,0
1356,3206,3,126,396,FALSE,0
270,1891,0,0,17,FALSE,0
24,65,0,0,84,FALSE,0
1763697,397,5993,708,3859,FALSE,0
649,30,68,0,213,FALSE,0
10,76,0,2,19,FALSE,0
146565,522,2800,4360,10026,FALSE,0
177,119,3,1016,21311,FALSE,0
28875,0,855,0,437,FALSE,0
1541514,68,3956,66,14230,TRUE,0
62647,277,1197,431,11885,FALSE,0
46,96,0,147,13,TRUE,0
1300380,24248,7089,4184,8536,FALSE,0
1474073,40,7304,13,8601,FALSE,0
314,823,9,770,1062,TRUE,0
216039,67,887,972,1878,TRUE,0
5370,82,75,607,7169,FALSE,0
2844,126,110,692,263,FALSE,0
77,524,0,8,39,FALSE,0
3702525,8875,20465,135,59937,TRUE,0
214083,211,3421,365,3060,FALSE,0
4,67,0,2,18,,0
772,970,41,1030,2269,FALSE,0
5024,1265,395,4375,31149,FALSE,0
1322,3001,49,2521,2965,FALSE,0
33,100,0,2,7,TRUE,0
15571,883,131,16908,21707,TRUE,0
64,98,1,2,1031,FALSE,0
28933243,800,27857,43,42955,FALSE,0
122108,5790,923,223,24891,FALSE,0
27,118,1,28,29,FALSE,0
22,101,0,7,9,TRUE,0
262,729,2,30,235,TRUE,0
17880103,763,75193,306,9487,FALSE,0
118,342,8,62,46,TRUE,0
8896,417,347,797,9936,FALSE,0
77,65,0,22,17,FALSE,0
45,75,0,10,103,FALSE,0
952135,858,3161,2402,83812,FALSE,0
1811013,415,11324,181,9472,FALSE,0
71,263,1,22,49,FALSE,0
8503,222,322,861,21716,FALSE,0
64,279,2,15,83,FALSE,0
32129515,547,23014,51,32419,TRUE,0
59,67,6,1030,1002,FALSE,0
54,89,0,1,1177,FALSE,0
52,337,0,2503,247,FALSE,0
9132,1841,1063,590,6437,TRUE,0
9515386,1329,0,1141,5942,FALSE,0
276122,166,7084,1234,7336,TRUE,0
3191970,371987,16873,13,2119,FALSE,0
27859346,157,32946,0,286,FALSE,0
5541,888,275,396,901,FALSE,0
35,50,0,0,113,FALSE,0
2917721,303,10993,372,3123,FALSE,0
37,456,0,5,587,FALSE,0
299938,1558,2580,3931,13302,FALSE,0
1161,133,16,308,670,FALSE,0
28,921,0,54,8,,0
22,97,0,15,85,TRUE,0
29270,24101,417,1571,2426,FALSE,0
16547,13437,672,72,12467,TRUE,0
2801091,843,21634,6552,14733,FALSE,0
562918,653,9014,313,6339,FALSE,0
3749,1,313,177,7931,FALSE,0
35412,105,171,15,967,FALSE,0
1749014,254,20641,0,470,TRUE,0
138849,216,1511,6,987,TRUE,0
4218370,5512,15813,655,44847,FALSE,0
35476,150,880,1380,484,FALSE,0
2142490,45023,7431,26993,16826,FALSE,0
5960,1070,38,24299,9444,FALSE,0
750,2657,266,8757,14773,FALSE,0
34,204,0,0,0,FALSE,0
7518766,13587,22620,4,6952,FALSE,0
13011,2715,1019,73,1592,FALSE,0
237490,314,1321,158,2230,FALSE,0
166,294,15,77,261,FALSE,0
31,58,0,8,11,FALSE,0
26408349,41,66599,46,34592,FALSE,0
48641,33,1029,0,0,FALSE,0
96217,541,956,3705,3591,FALSE,0
45,143,2,0,180,FALSE,0
1173947,412,4627,743,24811,FALSE,0
370920,272,9190,30,11766,TRUE,0
7222,787,116,4,16034,TRUE,0
878131,5044,3401,297,79503,TRUE,0
15,83,0,0,1,FALSE,0
20261,19440,469,7758,6949,FALSE,0
4961351,742,13162,11859,36385,FALSE,0
8800,2917,4,95,85,FALSE,0
4347,419,16,2311,11333,FALSE,0
2,79,0,1,2,FALSE,0
4,35,0,0,4,FALSE,0
72,96,1,78,191,TRUE,0
2459472,1725,6202,8367,12868,FALSE,0
3334308,374,14708,4363,8939,FALSE,0
259280,28,4366,20,9517,FALSE,0
325,104,18,12,151,FALSE,0
13453399,679,48833,58,8652,FALSE,0
542057,991,3527,20281,9030,FALSE,0
1267,134,13,9912,7029,FALSE,0
814594,144,5386,695,8341,FALSE,0
36,519,0,139,133,FALSE,0
2115097,3851,11112,90,27626,FALSE,0
242,392,3,767,2064,FALSE,0
27458,27182,165,233,91,TRUE,0
2747,492,123,42,248,FALSE,0
1026238,223642,7199,14499,19256,FALSE,0
39,270,0,364,307,FALSE,0
3654259,1336,1129,3557,3456,FALSE,0
159613,6949,2975,220,5877,FALSE,0
14,18,0,50,41,TRUE,0
823,547,36,4812,1964,TRUE,0
204,269,61,635,2672,FALSE,0
76,1336,2,165,38,FALSE,0
3517571,855,24528,185,23660,FALSE,0
115,93,2,74,126,TRUE,0
7901272,51,17736,231,9748,FALSE,0
4457073,57,28,674,342,FALSE,0
1073,197,5,8791,8452,TRUE,0
10572149,1237,10028,2290,138227,FALSE,0
3630,557,122,433,643,FALSE,0
1,4,0,0,0,FALSE,0
242,520,3,28,196,FALSE,0
1513771,269684,11368,16453,8973,TRUE,0
10795,21,185,9,36,FALSE,0
328,1875,28,5,3335,FALSE,0
5156022,398,15982,62,17715,FALSE,0
1571,181,49,608,409,FALSE,0
815583,178,4533,484,2391,FALSE,0
25255491,671,51938,177,6976,FALSE,0
50765,1401,1092,1957,7596,TRUE,0
870,667,1,243,617,FALSE,0
644027,559,3036,4051,15713,FALSE,0
45385,158,877,13431,11153,FALSE,0
4217692,12820,6511,39,31195,TRUE,0
1877332,2190,13448,0,9362,FALSE,0
34363304,909,187570,14320,269878,FALSE,0
9192152,241,54812,11,18144,FALSE,0
18,40,2,3,51,FALSE,0
41,290,0,79,3,TRUE,0
30615,6849,1896,12274,67431,TRUE,0
3196,2536,135,6392,9983,FALSE,0
174482,22566,105,112,5639,,0
4077,2193,200,1913,2349,FALSE,0
215,721,0,0,76,,0
2540943,129,7363,767,4470,FALSE,0
5555,296,63,11881,10335,FALSE,0
1517993,3739,12313,1412,32702,FALSE,0
397,2436,36,171,569,FALSE,0
2039596,333,8897,42,3361,TRUE,0
42,204,5,5490,580,FALSE,0
112499,9471,2038,1,625,FALSE,0
9216131,508,23565,6348,4304,TRUE,0
112379,2116,73,2641,6421,TRUE,0
2744,923,69,2157,9699,TRUE,0
32,347,0,15,21,TRUE,0
6296,47,1,12,179,FALSE,0
216251,227,2357,88,1537,FALSE,0
502303,13766,4875,3374,69778,TRUE,0
176,96,3,1638,11388,FALSE,0
22,161,0,4,6,FALSE,0
12264,821,479,1390,2136,FALSE,0
4639,491,108,0,7,FALSE,0
9,128,0,70,17,FALSE,0
22,102,0,4,26,FALSE,0
68937,349,1324,18479,47114,FALSE,0
5935044,2509,46336,175,34774,TRUE,0
232,386,1,3798,2369,FALSE,0
318621,603,6491,10838,18794,FALSE,0
2073481,2952,9806,298,71174,TRUE,0
197,599,2,135,1732,TRUE,0
107622,76,1144,127,3900,TRUE,0
1870168,637,8785,305,44689,FALSE,0
947045,271,2618,88,4905,FALSE,0
1583,852,61,5036,5602,FALSE,0
200622,586,0,564,12902,FALSE,0
354,21,37,0,225,FALSE,0
1909411,17,11139,10994,27849,FALSE,0
29270575,428,65474,350,6221,FALSE,0
6578005,692,36256,87,9536,TRUE,0
876,448,38,67,9732,TRUE,0
15472164,1450,23557,77,22750,FALSE,0
2254,200,45,573,3437,FALSE,0
2419,1144,70,11257,7230,FALSE,0
95,15,1,5,2240,FALSE,0
758,654,5,7131,30413,TRUE,0
314361,184,2624,389,10659,FALSE,0
56805,3,1080,18,12376,FALSE,0
126786,0,66,1084,7656,TRUE,0
107,268,2,134,2906,FALSE,0
1871284,9,2572,2,4238,FALSE,0
30454,797,1024,500,4676,FALSE,0
605365,60,5588,389,3652,FALSE,0
6378,44,133,4458,7244,FALSE,0
384507,199,3882,12,5206,FALSE,0
1227898,1305,4355,736,3792,FALSE,0
2,54,0,0,1,FALSE,0
129,238,6,610,3678,FALSE,0
3784246,15193,10243,2513,14535,FALSE,0
669,613,11,6369,14133,TRUE,0
399054,23907,7363,1,205,FALSE,0
1,22,0,1,1,FALSE,0
4763532,742,8997,158,20404,FALSE,0
34960,530,1590,882,3882,TRUE,0
151,1292,1,437,692,FALSE,0
86,2924,0,0,670,,0
171,269,3,20,8061,FALSE,0
8476840,2836,129832,631,227103,FALSE,0
269,368,2,3,1896,FALSE,0
504,207,24,27,1546,FALSE,0
578,310,79,574,379,TRUE,0
384433,423,1872,1356,9924,TRUE,0
69,293,2,234,107,TRUE,0
2,44,0,1,2,FALSE,0
22703994,1,88796,0,2895,FALSE,0
3057658,32,39970,0,2054,FALSE,0
228,64,5,1449,1015,TRUE,0
46,12,12,986,6083,FALSE,0
372,396,78,381,440,FALSE,0
36,107,3,47,27,TRUE,0
16260659,2742,44143,2138,38435,FALSE,0
108,226,0,741,1570,FALSE,0
121,592,13,1690,1085,TRUE,0
4799319,943150,34624,107,10405,FALSE,0
25887,2623,411,17033,14258,FALSE,0
1427838,139,21577,0,4735,FALSE,0
11,80,0,0,1,FALSE,0
796718,284,13670,2666,17149,FALSE,0
135677,1708,907,11340,23655,FALSE,0
3673,1485,216,5263,11406,FALSE,0
1803087,504,10029,3,5653,FALSE,0
21,23,0,0,3,FALSE,0
283215,852,13208,54595,81749,TRUE,0
68,255,0,0,6,FALSE,0
198739,9867,2697,375,3957,FALSE,0
23477,2,653,120,59325,FALSE,0
67,496,0,0,3,FALSE,0
288,298,1,2949,2933,FALSE,0
186,858,10,145,307,TRUE,0
1526,1346,5,3332,8662,TRUE,0
7011,315,173,1820,631,FALSE,0
131328,147,2384,72,207,FALSE,0
1867,2913,202,1375,6544,FALSE,0
1039625,176,3687,29,825,FALSE,0
40,117,1,13,48,FALSE,0
1876,826,113,59,19476,FALSE,0
330,302,6,2,2079,TRUE,0
56633,4299,1150,13506,13037,FALSE,0
1391,477,108,15572,74779,FALSE,0
72,703,0,65,4,TRUE,0
4060,95,24,39,26,TRUE,0
560,378,29,902,1134,FALSE,0
780560,4806,9400,3856,22261,FALSE,0
3,30,0,0,1,,0
5340224,614,11429,17365,10586,FALSE,0
5633,5821,223,480,11198,FALSE,0
1047,299,28,958,3098,FALSE,0
180,355,18,227,400,FALSE,0
22641,6044,715,40,15371,FALSE,0
12464997,50549,57800,144,22034,TRUE,0
391,1417,12,22986,12551,FALSE,0
3,8,0,1,13,FALSE,0
35,134,7,17,989,FALSE,0
10,25,0,0,9,TRUE,0
58,0,4,129,473,FALSE,0
9942270,462,34321,13944,7312,FALSE,0
13,50,0,5,1,FALSE,0
13616221,760,37316,1178,9824,TRUE,0
21,33,0,47,702,FALSE,0
81,80,0,1356,3243,FALSE,0
0,40,0,27,57,,0
158352,509,3533,13,63293,FALSE,0
42483,2692,1235,246,29976,FALSE,0
147994,68994,2569,20839,100848,FALSE,0
2,4,0,0,1,FALSE,0
12,94,1,44,103,FALSE,0
114,128,3,43,6325,FALSE,0
4309,2316,296,2583,5690,FALSE,0
777892,281,545,226,1575,FALSE,0
127,816,15,469,321,FALSE,0
22888,366,541,133,382,TRUE,0
36,95,0,9,13,,0
27013,999,641,10516,13642,FALSE,0
5,237,0,0,2,TRUE,0
2282,275,65,493,4757,FALSE,0
2060,661,80,374,6003,TRUE,0
1108807,1662,7220,2877,27085,TRUE,0
208,190,0,180,81,TRUE,0
392,638,22,110,4530,FALSE,0
198799,11115,3013,220,8140,FALSE,0
352,125,26,31,582,FALSE,0
348,809,18,299,3220,FALSE,0
698,589,2,1508,7967,FALSE,0
350009,139,3673,240,30346,FALSE,0
120310,1531,366,34,2989,FALSE,0
36,6,0,13,10,FALSE,0
595,345,1,4627,887,TRUE,0
98,667,0,712,613,FALSE,0
2,10,0,0,2,FALSE,0
1,19,0,0,1,FALSE,0
358,5000,12,73,1236,FALSE,0
628,1814,8,115,2991,TRUE,0
20146302,9,20339,15,467,FALSE,0
50549694,95,86635,0,2822,FALSE,0
89841,2,3150,30,55,FALSE,0
1983513,1675,28504,2658,40938,FALSE,0
256832,657,3930,45,2724,FALSE,0
2811157,236,9805,1676,128,FALSE,0
99,220,1,16,61,TRUE,0
5,86,0,28,152,FALSE,0
771,437,33,114,658,FALSE,0
104,251,1,20,195,FALSE,0
6791,5109,54,0,2756,FALSE,0
1591765,1862,2118,1655,36715,FALSE,0
1830,2002,57,197,535,FALSE,0
2740,2000,59,2699,9469,TRUE,0
23763283,81,29416,14,56274,FALSE,0
2632,730,106,15604,5130,TRUE,0
3954261,907,12927,185,16589,FALSE,0
613,169,10,122,71,FALSE,0
5336,132,36,8362,2289,FALSE,0
139867,1027,2042,6711,10958,FALSE,0
101905,750,280,1468,3714,FALSE,0
1337,539,76,264,259,FALSE,0
36,445,1,12,37,FALSE,0
11473,1659,891,1321,5239,FALSE,0
1193,2268,43,1437,2991,FALSE,0
1191689,102,4258,361,2568,FALSE,0
1761958,1328,3109,3832,26740,FALSE,0
289,124,32,2524,2770,FALSE,0
115,154,1,4,4158,FALSE,0
104765,7128,6189,3256,13703,FALSE,0
581275,1671,7462,399,54262,FALSE,0
16,19,0,6,37,FALSE,0
14732,491,225,1167,5376,FALSE,0
120,173,0,99,14668,FALSE,0
16845,10,113,0,446,FALSE,0
118242,429,2996,2752,5329,FALSE,0
7941334,337,22762,73,13696,FALSE,0
7784893,478,7394,31,3666,FALSE,0
1818,3727,5,142,978,TRUE,0
24,227,0,25,13,FALSE,0
2671727,92031,14909,100,58530,FALSE,0
293227,745,1345,826,10289,FALSE,0
119,165,5,22,115,FALSE,0
18747,1284,422,2148,675,FALSE,0
122,821,0,3,16,,0
221,1056,5,14344,3394,TRUE,0
91,80,1,9,13524,FALSE,0
987,244,90,2090,13859,FALSE,0
5654090,1020,10484,10588,107432,FALSE,0
26243562,90,60822,177,2650,FALSE,0
6,9,0,0,9,FALSE,0
11600,1271,253,5573,5832,TRUE,0
2016,67,56,86,24,FALSE,0
24244,24852,742,26,1568,FALSE,0
177335,1609,4538,4609,12818,FALSE,0
3119501,10296,11444,4007,10888,TRUE,0
318163,759,1961,125,22964,FALSE,0
15,153,0,1375,29,FALSE,0
13445608,202,42817,3983,7784,FALSE,0
147,875,2,341,296,FALSE,0
49,1156,0,43,7,TRUE,0
437194,389732,3229,22862,19312,TRUE,0
16079,1884,19,1619,5502,TRUE,0
146,932,0,3,9,FALSE,0
14,28,0,0,52,FALSE,0
3848,1234,382,41,31379,FALSE,0
16036429,8,11251,0,310,FALSE,0
31,88,1,244,184,FALSE,0
173,335,1,17,242,FALSE,0
358,177,9,1941,3246,FALSE,0
3917025,401,19708,15,47384,FALSE,0
31,39,2,94,1856,FALSE,0
66368,636,838,338,1976,FALSE,0
158317,283,1088,9,1372,TRUE,0
4,29,0,2,109,FALSE,0
177,608,2,98,191,,0
2370,1394,106,13440,8528,FALSE,0
4047,4042,6,23,3155,FALSE,0
680,36,79,6,7068,FALSE,0
14347,543,458,17549,7018,FALSE,0
1422,2075,7,4953,31699,TRUE,0
3500781,92,18455,6003,26110,FALSE,0
681,1988,43,1332,8826,FALSE,0
3875,1256,399,1428,5375,FALSE,0
638899,29303,5888,554,9588,FALSE,0
4487539,2383,43169,436,5887,FALSE,0
1951,125,57,10,170,FALSE,0
86,228,0,2,15,TRUE,0
747212,4206,6562,209,18438,FALSE,0
33451,130,836,124,2023,FALSE,0
48,13,0,0,10,FALSE,0
45663,285,1423,5961,18715,FALSE,0
96,241,2,600,527,FALSE,0
13,88,1,6,10,FALSE,0
2028,951,15,57,3284,FALSE,0
968882,364,9457,80,65697,FALSE,0
3877,379,212,7220,4348,FALSE,0
195974,949,1781,1945,6786,FALSE,0
1382376,2286,9823,17873,23113,FALSE,0
1030609,4200,5333,746,18369,TRUE,0
36,119,0,1,76,FALSE,0
12036,1277,677,41387,40779,FALSE,0
40,98,0,0,18,TRUE,0
152,241,2,138,9795,FALSE,0
121,255,1,0,83,FALSE,0
16,81,0,0,1,,0
193,268,0,139,4714,FALSE,0
9,38,0,0,12,FALSE,0
887384,343,5325,1032,52594,FALSE,0
10943449,501,23938,186,547,FALSE,0
206,486,5,2576,1696,FALSE,0
1645,48,147,1,64,FALSE,0
4119379,698,8561,29,5551,FALSE,0
443,770,0,2,237,FALSE,0
53162,9697,1492,13935,29466,FALSE,0
321,420,4,22,411,TRUE,0
89537,7950,6038,10897,55289,TRUE,0
118101,995,2280,31928,24564,TRUE,0
144137,1,3753,1,377,FALSE,0
15,53,0,396,279,FALSE,0
2077766,113,5359,74,2274,FALSE,0
31289,167,660,1002,980,FALSE,0
1219685,608,7976,53,111113,FALSE,0
912,1167,56,3953,23127,FALSE,0
533222,3,3522,0,790,FALSE,0
20,126,0,3,86,FALSE,0
9905,15,356,24,57,FALSE,0
6965816,235,12716,15,697,FALSE,0
5927,991,100,7978,91535,FALSE,0
53272,433,208,35444,3840,TRUE,0
193168,0,2524,0,96,FALSE,0
22212,226,0,3,4457,FALSE,0
17194019,143,36881,40,853,FALSE,0
2198503,178,20259,10,2025,FALSE,0
7467659,13,19386,0,774,TRUE,0
7867058,189,1987,122,6639,FALSE,0
33147,1220,1216,3529,10893,FALSE,0
423831,739,232,2305,4703,FALSE,0
11530,448,282,122,546,FALSE,0
30220786,3,126490,0,31444,FALSE,0
32463,0,795,54,264,TRUE,0
232,238,3,2721,33238,FALSE,0
397,684,3,5430,5649,FALSE,0
73,116,1,12,288,FALSE,0
7614166,62,10958,0,4630,FALSE,0
8217,2927,368,756,1396,FALSE,0
489055,741,1221,53,17634,FALSE,0
1155105,6540,2358,1795,14188,FALSE,0
4797,1859,443,1402,3571,FALSE,0
1780,820,55,587,1827,FALSE,0
31364,976,1426,99,3041,FALSE,0
174,347,2,50,534,FALSE,0
63,103,0,2,81,FALSE,0
374,3,18,0,6426,FALSE,0
1451736,455,13978,11580,15000,FALSE,0
65,248,1,149,106,,0
416318,567,173,8652,4551,FALSE,0
5,11,0,0,0,FALSE,0
301788,46,2199,0,177,FALSE,0
863,743,12,579,1090,TRUE,0
67,222,0,0,105,FALSE,0
467278,5278,12007,161887,131869,FALSE,0
1617508,326,8249,788,17816,FALSE,0
2838072,261,7044,27,15473,FALSE,0
11,86,0,14,12,FALSE,0
1696767,350,16478,167,1362,FALSE,0
5299213,72,7392,698,2725,FALSE,0
3165,4879,31,615,25509,FALSE,0
314,272,4,2068,4439,FALSE,0
5766,333,565,0,358,FALSE,0
13,47,0,0,2,FALSE,0
136,300,5,95,1748,FALSE,0
2944752,555,32524,32759,30143,TRUE,0
259698,150,3311,8,2571,FALSE,0
301,285,7,1326,3379,FALSE,0
85,254,0,159,431,FALSE,0
346848,2306,5430,2419,16244,FALSE,0
8,170,0,1538,14,FALSE,0
482,661,33,570,756,TRUE,0
398626,1141,2199,2348,39023,TRUE,0
3221,868,273,26430,17725,FALSE,0
165,993,2,82,131,TRUE,0
324,340,4,1051,273,FALSE,0
2072685,636,19799,12477,65353,FALSE,0
506,257,4,1863,34250,FALSE,0
2676782,224,15949,645,4278,FALSE,0
994,4663,31,16205,6836,FALSE,0
590265,440,4305,451,3698,FALSE,0
32,79,0,0,493,FALSE,0
507,1655,10,2835,3053,TRUE,0
369,783,19,161,875,FALSE,0
493450,509,6483,51,15252,FALSE,0
45736,1,1739,1,18,FALSE,0
29606,28121,343,15310,741849,FALSE,0
259,991,0,0,0,FALSE,0
947,1587,34,5482,23747,FALSE,0
28474,970,275,18,9767,FALSE,0
521,473,19,78,2377,FALSE,0
91,78,1,261,742,FALSE,0
21552,661,473,8249,4166,FALSE,0
323,983,2,1900,4537,TRUE,0
24,188,4,52,139,TRUE,0
11443,227,293,1128,794,FALSE,0
73,265,2,43,237,FALSE,0
45,126,0,1024,85,,0
240,2,13,0,3622,FALSE,0
83720371,244,122731,2103,4161,FALSE,0
32,1589,0,0,2,FALSE,0
9548,4779,185,29,1931,FALSE,0
7973,6,450,1,702,FALSE,0
39,174,2,7,33,FALSE,0
1145,1005,110,1614,6848,FALSE,0
253,168,2,9844,12884,FALSE,0
290004,101,613,207,392,FALSE,0
13393,994,735,4163,6454,TRUE,0
809524,185,7290,250,22610,FALSE,0
968219,1348,1856,1320,31719,FALSE,0
381,197,33,2822,3064,FALSE,0
139,742,0,119,329,FALSE,0
378,207,9,33,451,FALSE,0
2381045,78,7850,25,13979,FALSE,0
756810,286,4175,430,897,FALSE,0
130177,380,3206,733,3466,FALSE,0
27878790,1688,20383,0,14354,TRUE,0
2143,661,45,3322,13160,FALSE,0
12,110,0,1,10,,0
5698734,1417,23167,68,25791,FALSE,0
99465,958,2435,352,3422,TRUE,0
1985,1941,138,11191,9367,TRUE,0
1437839,334,10299,123,6637,FALSE,0
1175,1988,38,340,641,FALSE,0
947282,80,1962,19,340,FALSE,0
57,202,2,8,30,FALSE,0
64,90,2,322,226,FALSE,0
325,484,2,4,358,TRUE,0
303837,44,1662,6,295,FALSE,0
268,691,4,700,7006,TRUE,0
687819,289,5197,4662,16654,FALSE,0
14896759,78,22872,38,1361,FALSE,0
15770327,546,40094,636,12438,FALSE,0
1434,4374,39,24,61024,TRUE,0
5904,5767,94,5044,381,TRUE,0
349930,845,4885,70,20775,FALSE,0
227,375,3,94,209,FALSE,0
83078,368,1506,10,7708,FALSE,0
13,25,0,7,0,,0
250,410,4,3650,837,TRUE,0
513333,243,3857,48,1707,FALSE,0
91,159,0,74,80,TRUE,0
140359,119,805,6255,4943,FALSE,0
5458,4382,351,27939,6819,,0
41,182,2,57,65,FALSE,0
79,244,0,821,4018,FALSE,0
4125,4064,42,64325,90448,TRUE,0
9,30,0,0,6,FALSE,0
33419,1245,1067,1584,8469,FALSE,0
820444,505,3301,1557,1884,FALSE,0
383,531,12,5447,8275,TRUE,0
13519,32,485,2053,1311,FALSE,0
287,597,18,16386,5830,TRUE,0
1549,734,25,2312,12909,TRUE,0
1117918,750,15515,142,37334,FALSE,0
49,475,0,693,8,FALSE,0
156924,1274,1754,185,53377,FALSE,0
138,478,0,31,258,,0
910,1008,23,1701,2441,TRUE,0
173393,89,2056,112,551,TRUE,0
25076,4654,909,100,11838,FALSE,0
1825704,7,1182,20,3781,FALSE,0
2686362,300,11904,978,14498,FALSE,0
4358,850,123,3257,3047,FALSE,0
775,953,1,319,428,TRUE,0
346,280,2,1736,6008,FALSE,0
116573,1280,3005,5628,33071,FALSE,0
8637650,2001,7746,81,9769,FALSE,0
1737956,664,28572,2366,11089,FALSE,0
318,189,9,3354,5456,FALSE,0
4440,423,160,18,2229,FALSE,0
4255,267,132,564,577,TRUE,0
533146,454,4398,111,9671,TRUE,0
10576,91,510,731,12888,FALSE,0
29,207,0,8,7,TRUE,0
1676505,246,5623,116,15668,FALSE,0
3878570,652,7177,18,20050,FALSE,0
426,602,45,1143,6719,FALSE,0
5273,293,82,377,6636,TRUE,0
3342242,799,945,3517,5428,FALSE,0
2,30,0,0,2,FALSE,0
9942665,462,3447,13946,7312,FALSE,0
7519,7,282,93,11363,FALSE,0
35,105,0,9,17,TRUE,0
632,290,27,21124,32183,,0
78,41,0,6628,4249,FALSE,0
65691,2176,5574,29498,44708,TRUE,0
202929,605,2001,3278,25837,FALSE,0
125901,1791,846,1151,5252,FALSE,0
908,1047,43,1544,1639,FALSE,0
265,238,4,139,534,FALSE,0
193,208,5,851,4047,FALSE,0
33713,37,1934,5,768,FALSE,0
1961954,420,4731,879,1389,FALSE,0
69,586,7,39359,9474,TRUE,0
9446,1020,129,14328,11364,TRUE,0
17289,127,481,3432,5383,FALSE,0
405,324,9,1461,29930,FALSE,0
1344610,2006,11357,949,11970,FALSE,0
278,3370,0,485,48,FALSE,0
8313,2,695,0,532,FALSE,0
9005238,781,22356,5483,10714,FALSE,0
51314111,392225,123643,2358,5126,FALSE,0
46,54,0,39,194,FALSE,0
45,146,3,7,36,FALSE,0
1336587,512,23711,2208,17125,FALSE,0
25253,152,970,1582,36172,FALSE,0
92,97,3,0,1436,FALSE,0
57,150,0,2,749,FALSE,0
162,303,4,302,435,TRUE,0
1647,36,7,59,107,FALSE,0
5324,184,151,1350,2631,TRUE,0
4656143,1267,12753,2456,11252,FALSE,0
482,987,10,731,405,TRUE,0
18,346,0,24,109,TRUE,0
2022,690,128,6544,5234,FALSE,0
4870150,41019,14970,5886,57218,TRUE,0
5167871,55,21599,18897,118147,TRUE,0
2,5,0,3,6,,0
1109011,2190,6071,1117,19387,FALSE,0
198296,562,2685,5106,7014,FALSE,0
203,97,20,1218,570,FALSE,0
6569,608,114,1600,1212,FALSE,0
66500,2456,1385,223,25109,FALSE,0
7,19,0,16,13,FALSE,0
726,85,8,2580,1013,TRUE,0
250,523,8,3313,596,FALSE,0
22527443,52,39873,21,55709,FALSE,0
1683151,754,5079,297,33056,FALSE,0
3159194,408,14976,13,5701,FALSE,0
2985240,956,10273,62,13677,FALSE,0
96486,572,530,2104,3385,FALSE,0
35169,718,715,2907,3764,FALSE,0
85681083,630949,222411,10,15439,TRUE,0
124,160,1,11,542,FALSE,0
3660670,279,16081,1816,7446,FALSE,0
12790920,24,46994,0,763,FALSE,0
12,161,0,8,269,TRUE,0
7,55,0,0,19,FALSE,0
645,652,15,598,359,TRUE,0
13992,1211,557,246,1109,FALSE,0
164514,57213,5246,2273,60041,FALSE,0
234332,357,2475,3788,4840,FALSE,0
386,539,24,1851,4672,TRUE,0
803334,9226,4170,2529,33583,FALSE,0
2833,6,97,0,11889,FALSE,0
2605029,171,7284,1,3818,FALSE,0
537,390,7,139,4150,TRUE,0
353,227,18,5897,8010,FALSE,0
179,684,0,0,1421,FALSE,0
24022023,353,45710,1007,1566,FALSE,0
13,130,0,0,8,FALSE,0
14709,2975,603,1422,340788,FALSE,0
1568426,828,5667,1670,3017,FALSE,0
51782,587,80,1021,435,FALSE,0
19306,33,428,1576,1587,FALSE,0
16,137,0,2,3,FALSE,0
3273,3296,0,34,3374,,0
4520644,2041,12661,13280,9362,FALSE,0
45601,138,1303,1218,2516,TRUE,0
217,1207,15,333,918,FALSE,0
956,406,91,288,2317,FALSE,0
96321564,203,142370,4272,7837,TRUE,0
88,259,0,3,12,FALSE,0
365,1751,1,24,13618,FALSE,0
903862,8,1159,1,21057,FALSE,0
1569900,81,2516,4,1153,FALSE,0
128,133,2,0,1969,FALSE,0
1059,3599,254,1150,17857,TRUE,0
1806,1146,46,1671,2597,FALSE,0
6964,322,121,2030,5099,FALSE,0
464418,373,6406,43,4906,FALSE,0
206,295,0,1506,13562,TRUE,0
348713,976,3308,1762,32693,TRUE,0
2916050,440,4830,3195,10546,FALSE,0
14316643,44,6377,45,1080,TRUE,0
2028,615,49,95,942,FALSE,0
10,106,0,6,10,TRUE,0
189143,4853,1378,207,31170,FALSE,0
137,843,22,11395,3361,FALSE,0
43,8,0,1,403,FALSE,0
6962978,724,16620,524,2357,FALSE,0
44,67,0,0,954,FALSE,0
132,538,0,25,25,FALSE,0
5390,58,147,145,2222,FALSE,0
17342,276,471,1143,6038,FALSE,0
175233,791,953,41,18087,FALSE,0
6696,5379,172,756,5688,FALSE,0
90,62,1,68,5453,FALSE,0
8740007,9,9992,1127,36200,FALSE,0
28,80,0,2,225,FALSE,0
38,431,0,12,16,FALSE,0
47159,363,2260,485,13111,FALSE,0
10,69,2,9,1074,TRUE,0
475342,875,4104,945,18352,FALSE,0
32,30,2,11,12,FALSE,0
301,786,10,561,1814,FALSE,0
24,85,0,11,7,FALSE,0
7725360,40,33874,386,2710,FALSE,0
8674,50,8,47,354,FALSE,0
374816,1090,2651,7960,22667,FALSE,0
743,1555,1,357,2410,FALSE,0
175303,12,4762,0,25,FALSE,0
19282828,1508,47922,814,6416,FALSE,0
4689644,957,16655,7016,66208,FALSE,0
10648215,178,5353,168,19489,FALSE,0
10599,2788,123,270098,6111,TRUE,0
40307926,1734,53687,6375,10480,TRUE,0
67748,2194,683,1619,4756,FALSE,0
709357,25237,2495,1448,6625,FALSE,0
228,335,29,73,697,,0
458212,710,4944,4586,7554,FALSE,0
151,437,0,96,810,TRUE,0
76975,197,2119,4131,1743,FALSE,0
23611,706,1331,1345,9842,FALSE,0
1475745,2372,8017,1616,17002,FALSE,0
10100,31,567,897,2090,FALSE,0
89,64,3,164,249,FALSE,0
61,66,0,0,255,FALSE,0
96801,310,895,23,25003,FALSE,0
4126,4721,372,1959,8386,FALSE,0
368069,620,4277,7263,13659,FALSE,0
416856,35568,2920,1215,3013,FALSE,0
141730,582,2386,24,1281,FALSE,0
43,269,0,2,27,FALSE,0
1359462,978964,7101,11517,16099,FALSE,0
46472564,1272,133825,135,4200,FALSE,0
94472,66,62,336,857,FALSE,0
24,17,0,0,3064,FALSE,0
1182355,272,9485,2498,9677,FALSE,0
266,1090,18,553,379,FALSE,0
7,68,0,8,15,TRUE,0
46,70,2,205,173,,0
1738,255,21,1880,2120,FALSE,0
411,2060,0,115,250,TRUE,0
5917438,1419,26370,1365,19002,TRUE,0
11003417,0,31469,423,7628,FALSE,0
743721,55,1219,7,8332,FALSE,0
61,726,1,826,232,TRUE,0
15307,774,360,843,2786,FALSE,0
4,14,0,18,29,,0
2786,2608,1562,34817,36290,TRUE,0
70,354,8,60,5074,FALSE,0
724989,751,6262,97,4179,FALSE,0
1353547,11248,3914,2013,24483,FALSE,0
2936656,779,22532,1188,37440,FALSE,0
376564,423,734,5306,1747,FALSE,0
375395,856,2743,1051,12859,FALSE,0
215,162,27,421,2450,TRUE,0
210,95,1,398,9462,FALSE,0
41,72,2,2737,9615,TRUE,0
2018998,2367,9238,1733,11443,TRUE,0
19088,700,352,1948,9310,FALSE,0
167,272,0,73,634,TRUE,0
214,746,3,155,1177,FALSE,0
19309,1202,1139,254,5036,FALSE,0
207,746,1,1690,794,,0
1527,777,9,28218,42282,TRUE,0
57,947,0,0,25,,0
212,163,13,4,225,FALSE,0
156517,956,1271,29,21659,FALSE,0
23008,183,986,0,4575,FALSE,0
177,459,1,3950,2248,FALSE,0
1044180,557,3582,5,2389,FALSE,0
9,21,0,19,6,,0
3664718,35,15921,1,770,FALSE,0
49222,8,1772,19,489,FALSE,0
777,614,41,690,499,FALSE,0
47395,1099,3332,714021,24623,TRUE,0
180,145,0,411,180,TRUE,0
588,1532,25,268,6773,FALSE,0
27,87,3,78,63,FALSE,0
97,279,0,42,16,TRUE,0
7088,354,418,546,309,FALSE,0
24,12,0,0,59,FALSE,0
59480,26,469,2295,11879,FALSE,0
442,1239,3,18,1617,FALSE,0
116,216,0,40,2440,FALSE,0
821,1279,164,246,585,FALSE,0
23290650,319,35640,115,53864,FALSE,0
73,395,0,0,2187,FALSE,0
1209026,559,5133,19,5019,FALSE,0
243122,303,2969,5,2725,FALSE,0
3012,729,754,10678,14560,FALSE,0
1120752,8561,9587,14350,9872,FALSE,0
5,19,0,0,9,FALSE,0
3706945,69092,14625,31627,63643,TRUE,0
1040765,558,2418,215,4703,FALSE,0
1584,432,0,424,360,FALSE,0
62,121,0,432,1260,FALSE,0
11695916,274,45082,21313,32146,FALSE,0
251768,8274,1460,847,9902,FALSE,0
37,88,0,0,39,FALSE,0
2633,2086,140,555,9628,FALSE,0
292043,4643,3088,9625,37195,FALSE,0
8932,1015,193,32932,19498,TRUE,0
133553,95060,1455,1453,40763,FALSE,0
32,70,0,0,4,TRUE,0
216,50,3,423,9957,FALSE,0
1202,255,81,510,1019,FALSE,0
20,195,0,1,32,FALSE,0
235449,104,697,410,3143,FALSE,0
1270,876,2,5630,17894,TRUE,0
56,295,1,16,102,FALSE,0
0,297,0,262,36,FALSE,0
661893,504,14029,110,12036,FALSE,0
142786,239,2185,40,2192,FALSE,0
443,497,1,1555,1202,TRUE,0
31942389,373,58780,82,8453,FALSE,0
40,141,0,0,292,FALSE,0
8530951,890,108650,1860,151681,FALSE,0
301,550,1,4017,42931,FALSE,0
49468,46,79,418,10015,FALSE,0
59756,1134,490,7356,8334,FALSE,0
41748,687,1961,73,2960,FALSE,0
6,98,0,0,1,FALSE,0
86,397,0,1347,160,FALSE,0
53,400,1,1678,136,FALSE,0
58300207,233,76018,40,3589,FALSE,0
2665,699,112,5668,5844,FALSE,0
88,231,2,9,184,FALSE,0
91,1688,0,0,16,FALSE,0
905,1,105,9,102189,FALSE,0
0,10,0,0,1,,0
2811,1211,152,3409,12150,TRUE,0
246,251,9,3221,1642,FALSE,0
320964,1114,3413,3956,59792,FALSE,0
465,903,3,1179,6405,FALSE,0
858,597,1,4620,11519,FALSE,0
57,67,0,15,1295,FALSE,0
5445575,357,30150,3799,3529,FALSE,0
1247114,411,4885,68,1585,FALSE,0
52199,482,1219,25011,18263,FALSE,0
13725,429,41,14931,4044,FALSE,0
2,75,0,0,0,,0
84,103,7,107,158,FALSE,0
1511303,0,853,0,263,FALSE,0
455,137,50,169,254,FALSE,0
131,181,6,3,10,FALSE,0
224,781,0,0,5,FALSE,0
426854,892,390,399,48381,FALSE,0
147,104,3,231,6097,FALSE,0
111,329,1,2,1978,FALSE,0
68,133,0,9,1817,FALSE,0
269,0,6,0,1571,FALSE,0
784689,5265,10472,0,42520,FALSE,0
3490480,448,7772,22,3966,FALSE,0
20997,567,528,433,1927,FALSE,0
5293996,101,7694,23,5172,FALSE,0
64350,56,735,2197,4557,FALSE,0
5,5,0,2,29,FALSE,0
54,54,1,264,104,TRUE,0
219,408,7,18,435,FALSE,0
14014,202,524,257,5079,FALSE,0
15,84,0,28,25,FALSE,0
7886947,239,5192,4533,1637,TRUE,0
26522,1533,1223,2793,11373,FALSE,0
12,14,1,3,27,TRUE,0
126,253,15,19,411,FALSE,0
61546,3,959,0,231,FALSE,0
15,59,0,0,5,FALSE,0
43,116,0,273,145,TRUE,0
1075,455,36,964,1851,TRUE,0
38,75,0,0,496,FALSE,0
11980,8927,261,20,20015,FALSE,0
4651330,509,32051,3060,3545,FALSE,0
5616,276,270,0,452,FALSE,0
370,595,1,10406,2460,TRUE,0
804,503,0,4875,4846,TRUE,0
9374054,663,46921,491,66,FALSE,0
19779,308,29,5053,7046,TRUE,0
8244,485,313,148,1715,FALSE,0
6374,422,42,723,459,FALSE,0
188,663,6,8715,14158,TRUE,0
4932,959,1,3469,2431,FALSE,0
138,332,5,71,924,TRUE,0
519,1836,11,36,139,FALSE,0
21,114,0,0,7,FALSE,0
60,131,6,392,108,FALSE,0
1717,25,53,0,9,FALSE,0
15,78,0,1,186,FALSE,0
15,23,0,2,2,TRUE,0
48,64,0,299,93,FALSE,0
5183570,1840,25196,12,1985,TRUE,0
403994,654,2553,34,16482,TRUE,0
25,166,0,0,12,FALSE,0
1878,262,64,109,1718,FALSE,0
455598,204,1779,196,1104,FALSE,0
12825837,31,69919,41,4326,FALSE,0
4178299,400,15134,93,12290,FALSE,0
398,247,2,9404,13063,FALSE,0
2039677,0,19842,2,9256,FALSE,0
480088,116,3209,7,4435,FALSE,0
2753,683,156,3403,4542,TRUE,0
4459,911,31,976,8532,TRUE,0
0,20,0,0,2,FALSE,0
237,368,3,13,87,TRUE,0
212,922,12,684,259,FALSE,0
159,242,3,13,292,FALSE,0
238,169,103,0,225216,FALSE,0
31872,460,990,865,13838,FALSE,0
683,1411,2,9,645,FALSE,0
3211350,23,5707,751,8867,FALSE,0
187,292,3,0,5495,FALSE,0
14240,406,687,402,1186,TRUE,0
258608,719,1640,208,3353,TRUE,0
129,88,1,2,54,FALSE,0
738119,33,13315,6,1125,FALSE,0
25,14,1,69,282,FALSE,0
278002,2831,21481,19491,29298,FALSE,0
5852,254,211,151,5926,FALSE,0
84127,11349,5022,27745,84045,TRUE,0
1002080,208,7925,49,2293,FALSE,0
81,60,0,31,20,FALSE,0
5262,291,401,0,969,FALSE,0
50,268,0,5,20,FALSE,0
208,768,30,970,4057,FALSE,0
94,389,0,1,132,FALSE,0
97,245,0,249,1086,FALSE,0
13071,12939,27,315,1778,FALSE,0
14526527,7109,53022,11833,28809,FALSE,0
50441,197,894,2783,4652,FALSE,0
44697,415,814,2530,4654,FALSE,0
2226900,2284,24944,847,19873,FALSE,0
3885,333,186,153,2100,FALSE,0
227013,1,6349,0,210,FALSE,0
104,126,2,9,21,FALSE,0
3662977,502,3559,3332,6077,FALSE,0
203,2231,0,693,36,FALSE,0
700,568,54,3521,21746,FALSE,0
4426,2604,136,551,5250,FALSE,0
1221007,14466,5214,3216,12793,FALSE,0
428,483,16,5050,2195,FALSE,0
44,99,2,20,24,TRUE,0
750,566,20,35,5458,FALSE,0
277538,241,3687,88,8341,FALSE,0
35,321,2,6143,82,TRUE,0
13,61,0,8,1,TRUE,0
351335,19,1221,395,25,FALSE,0
17032,276,441,751,3121,FALSE,0
554,1188,13,1579,25119,TRUE,0
39454,592,4006,848,15890,FALSE,0
166,497,1,2928,1660,TRUE,0
1106,4998,6,119,136,,0
61,146,3,77,82,,0
45,140,0,734,596,TRUE,0
192,304,3,128,119,FALSE,0
6719130,82,10504,329,1317,FALSE,0
86,184,0,6048,6128,FALSE,0
302,249,4,953,17338,FALSE,0
9,30,0,0,1,FALSE,0
779,471,209,271,278,FALSE,0
1229427,337,5979,18,440,FALSE,0
59,94,1,5,65,FALSE,0
14722,12377,496,4033,3551,FALSE,0
297738,328,1607,17,2639,FALSE,0
26,240,0,3,141,,0
585497,415,4365,11932,21729,FALSE,0
234,230,57,82,248,FALSE,0
171,523,1,4186,6162,TRUE,0
57664,97,1468,808,2675,FALSE,0
266,284,6,15684,6938,TRUE,0
25,223,3,0,28,FALSE,0
6755,207,338,474,2370,FALSE,0
181791,2646,1962,43,3642,FALSE,0
48848,88,0,1,705,FALSE,0
67,84,2,2,932,FALSE,0
544,664,10,25216,20266,TRUE,0
22667,880,969,509,6306,FALSE,0
46135,296,257,3601,10025,FALSE,0
112,155,28,392,4620,FALSE,0
715,1793,6,0,11059,FALSE,0
645,1303,33,934,6610,TRUE,0
6,91,0,1,1,TRUE,0
36,183,0,12,27,FALSE,0
10,36,0,0,13,FALSE,0
8741,343,102,9665,21046,TRUE,0
12548,2061,166,231,18570,FALSE,0
120,248,1,2893,1407,TRUE,0
14,73,0,0,47,,0
18706,714,359,286,23268,TRUE,0
553041,182,2560,770,1492,FALSE,0
8234316,254,3716,3,6123,FALSE,0
12,115,0,0,28,TRUE,0
5,16,0,0,2,FALSE,0
147,282,1,38,646,FALSE,0
564,365,101,1221,1917,,0
161,1845,27,44,607,FALSE,0
270,89,13,16931,17273,FALSE,0
14448,699,479,5322,6444,FALSE,0
44865,113,481,907,3460,FALSE,0
36,7,0,0,2,FALSE,0
3088771,10567,4648,3101,59965,FALSE,0
54490,772,1345,602,5576,FALSE,0
93,272,0,0,0,FALSE,0
57784,7168,2902,55,8286,FALSE,0
2199,1029,55,1321,2930,FALSE,0
214,265,0,24,816,FALSE,0
64,436,2,60,14,FALSE,0
130,1156,1,351,152,TRUE,0
18,92,0,14,7,FALSE,0
2588083,207,2504,41,1915,FALSE,0
12,16,0,0,15,,0
6758,475,383,2735,2869,FALSE,0
85,334,2,0,5609,,0
653,1177,6,207,2321,TRUE,0
115,111,4,20,7624,FALSE,0
15,65,1,0,65,FALSE,0
3965867,6,25506,0,2245,FALSE,0
2641,3259,6,1,203,FALSE,0
344,158,42,78,959,TRUE,0
50408557,108,80214,0,22721,FALSE,0
999,968,47,398,1027,FALSE,0
98,827,1,2237,1647,FALSE,0
1803900,460,16391,421,5624,FALSE,0
2135538,511,12020,6,6781,FALSE,0
110,219,0,2,57,FALSE,0
32,54,0,10,16,TRUE,0
26318809,354,70385,26,4642,FALSE,0
1595,1392,2,1290,2054,FALSE,0
12640,83,566,428,902,FALSE,0
957244,372,6928,3345,305,FALSE,0
5524,58,260,1,39,FALSE,0
348,302,10,8413,2578,FALSE,0
823,450,4,733,17880,FALSE,0
208,858,6,4073,1556,FALSE,0
3501,2560,275,7,1258,FALSE,0
160,239,0,94,748,FALSE,0
80290,5909,2533,4660,19203,FALSE,0
770356,356,4943,26,17854,FALSE,0
1633238,31049,6682,6642,5506,FALSE,0
49,237,0,83,1542,FALSE,0
84477,2,3316,405,4193,FALSE,0
291,1736,7,0,543,FALSE,0
50,128,0,25,15,TRUE,0
1674200,269,13532,120,4682,FALSE,0
9303960,2411,33005,4,5123,FALSE,0
21,240,0,139,209,,0
5864587,302,2411,15,13740,FALSE,0
16,116,0,13,18,FALSE,0
48,307,1,14,173,,0
6,84,0,1,3,TRUE,0
1511321,3018,16627,209,12398,FALSE,0
99158,2692,943,150,16524,FALSE,0
3525964,623,37294,269,10793,FALSE,0
2468308,889,18069,1141,8707,FALSE,0
66,481,0,369,530,FALSE,0
2133107,50,17074,2,1337,FALSE,0
3062495,9465,7818,2192,6851,FALSE,0
10,62,0,0,144,TRUE,0
879,2238,31,153,2171,TRUE,0
1182904,501,4594,14,37753,FALSE,0
25437224,1142,30410,56,56037,FALSE,0
85,129,0,18,2163,FALSE,0
9,54,0,100,49,TRUE,0
1707,4860,436,3001,13363,,0
4050,243,13,241,717,FALSE,0
86657,933,1101,9061,124550,TRUE,0
55469,4306,1730,29095,58890,TRUE,0
25893,54,861,759,638,FALSE,0
8576144,1135,37857,711,54854,TRUE,0
343,55,26,2,55,FALSE,0
1469,505,134,5,264,FALSE,0
191,347,27,331,434,FALSE,0
4419,1982,327,550,6764,FALSE,0
98,1581,0,0,125,FALSE,0
2651471,519,7734,1316,2078,FALSE,0
951201,37234,3035,2148,11766,FALSE,0
401,850,5,941,4604,FALSE,0
5280949,321,33246,799,5183,FALSE,0
527,992,1,9892,1319,TRUE,0
876,1263,22,253,1271,FALSE,0
1533,334,111,505,1346,TRUE,0
12865,2019,858,3153,5622,FALSE,0
2775633,139,24528,20,426,FALSE,0
149,65,7,60,95,FALSE,0
61191,1194,1169,5313,16821,FALSE,0
902052,2085,15720,3260,47987,TRUE,0
229,1331,4,0,16,FALSE,0
2530820,840,35966,2137,104891,FALSE,0
835901,36,446,18,289,TRUE,0
264229,1376,4420,19928,1854,TRUE,0
95,119,0,0,27,FALSE,0
4,10,0,0,1,FALSE,0
631587,253,8861,3131,9532,FALSE,0
28610,667,361,505,224,TRUE,0
78913,4643,2765,1117,12368,FALSE,0
126545,583,2447,452,5723,FALSE,0
183414,268,3129,1970,15148,FALSE,0
3459,2282,11,3888,57256,TRUE,0
23,39,0,4,11,FALSE,0
251,545,1,5095,2317,FALSE,0
363,345,3,620,3361,FALSE,0
5861,233,627,2,903,FALSE,0
211,355,9,5017,5122,FALSE,0
914,996,19,923,7302,TRUE,0
739,827,15,438,734,FALSE,0
483,1807,1,0,365,FALSE,0
53028,10,405,0,25,FALSE,0
101,85,0,579,133,FALSE,0
5730,301,182,26,1741,FALSE,0
1399,1705,1,2232,6309,FALSE,0
521127,194,8428,33,480,FALSE,0
505217,276,7111,17,4307,FALSE,0
178,179,1,15,268,TRUE,0
161853,163,4035,1423,4643,FALSE,0
48,231,2,0,4,TRUE,0
263,279,6,72,247,FALSE,0
132,788,0,0,355,FALSE,0
5083,415,598,0,528,FALSE,0
10689,3143,430,704,12265,FALSE,0
523,958,7,474,13501,FALSE,0
127,156,0,1,1104,FALSE,0
130170,986,8281,1860,55222,FALSE,0
1986,4055,909,1175,10207,FALSE,0
12,62,0,3,2,FALSE,0
55329,6144,851,961,4660,FALSE,0
8,74,0,1,1,FALSE,0
280,366,0,2129,504,FALSE,0
793,483,2,9722,7822,FALSE,0
151,271,20,330,541,FALSE,0
371,277,22,1,6961,FALSE,0
1084015,85,6213,444,10866,FALSE,0
2549,4073,76,2351,3472,FALSE,0
4422993,0,30111,20,19425,FALSE,0
20,144,0,18,452,,0
34761,8841,670,36,51459,TRUE,0
129708,331,478,3176,10012,FALSE,0
57,119,0,932,662,,0
194239,152,2429,3075,3418,FALSE,0
532,166,24,44,15503,FALSE,0
290,816,7,685,7156,FALSE,0
25737872,130,39166,1,13310,FALSE,0
541776,2921,6088,2943,3321,FALSE,0
1739974,722,3428,10959,9258,FALSE,0
1081,1275,122,694,1490,FALSE,0
530,720,86,74,774,FALSE,0
2982,794,95,4950,1501,TRUE,0
749,277,19,467,503,TRUE,0
116878,366,2006,337,1000,FALSE,0
334504,845,1986,0,19323,FALSE,0
310,1056,66,11675,3335,FALSE,0
168,135,1,6330,14,FALSE,0
20404,298,828,1547,15372,FALSE,0
4596596,142,20202,194,1651,FALSE,0
1568703,5268,12465,262,9244,FALSE,0
9263,502,245,3029,14659,FALSE,0
102,218,1,294,354,FALSE,0
459,978,4,0,28129,FALSE,0
29432,217,716,2108,757,FALSE,0
132,295,2,5,46,FALSE,0
1872554,524,11285,86,3890,FALSE,0
54876,794,172,1427,10376,FALSE,0
5089526,13076,21959,296,4267,FALSE,0
11732,1,292,2557,906,FALSE,0
16288,1002,1507,5014,9108,FALSE,0
758,2118,16,289,3851,TRUE,0
2051,200,105,11623,22253,TRUE,0
67937,1644,801,4875,13542,FALSE,0
6326,319,229,4199,18426,FALSE,0
4,191,0,1,1,TRUE,0
20537,1689,757,8802,18762,FALSE,0
70181502,1135,100576,990,9903,FALSE,0
20305,176,585,173,581,FALSE,0
121588,516,432,773,39840,TRUE,0
899271,202,3228,103,2204,FALSE,0
87459,1403,4796,8060,16281,TRUE,0
32,165,0,216,60,TRUE,0
11866,4921,675,1357,45225,FALSE,0
2244332,7320,15801,114,34337,FALSE,0
4593,4872,70,74383,32930,FALSE,0
555,568,1,5278,1224,TRUE,0
10015,2028,798,4530,29524,TRUE,0
2908,1179,105,5451,16556,TRUE,0
7182947,515,14712,782,7512,FALSE,0
1742701,29,5985,940,7029,FALSE,0
352929,373,3392,26,26938,FALSE,0
1477,4737,2,502,1778,TRUE,0
199,580,14,44909,15504,FALSE,0
296697,785,4906,3887,21427,FALSE,0
1458,1593,25,2,728,FALSE,0
117,440,0,16,251,FALSE,0
1874021,884,5766,746,8228,TRUE,0
4681963,619,27764,31,7904,FALSE,0
29978,431,968,705,10347,FALSE,0
998,381,8,14,2943,FALSE,0
564,262,1,2954,1018,FALSE,0
4095667,947,8997,4,26500,FALSE,0
10,37,0,35,2,FALSE,0
59,1056,0,84,104,TRUE,0
1176260,1614,5091,2403,9166,FALSE,0
620714,1562,6781,4692,10864,FALSE,0
1496983,255,40709,854,166435,FALSE,0
916,138,13,1112,5413,FALSE,0
13170,3107,247,1170,9557,FALSE,0
15511,9888,718,1942,2807,FALSE,0
122,124,0,5574,92,TRUE,0
152,2418,1,203,723,,0
55859,598,549,92644,65098,TRUE,0
1342,171,50,47,527,FALSE,0
435871,2337,4662,575,27102,FALSE,0
357722,14727,4392,246,3360,TRUE,0
549861,502,7891,899,10992,FALSE,0
946,400,41,1310,571,FALSE,0
40,335,0,63,40,TRUE,0
197,3922,2,353,65,TRUE,0
2017432,1404,23977,53,29873,FALSE,0
32,174,0,11,0,,0
103,93,1,60,379,TRUE,0
600,818,26,656,1328,FALSE,0
218,167,13,105,306,FALSE,0
22,94,0,0,10,FALSE,0
48020,4324,552,365,8886,FALSE,0
31,73,0,1,1240,FALSE,0
829840,823,1338,1789,6592,FALSE,0
9,24,0,6,30,,0
53791,931,2600,26220,120564,TRUE,0
310472,475,2042,975,29042,FALSE,0
32,97,0,0,56,FALSE,0
13860,300,247,20690,2950,FALSE,0
210,532,1,146,2275,FALSE,0
323,384,4,631,617,FALSE,0
473692,102847,8507,49069,28113,FALSE,0
55,53,0,0,43,FALSE,0
206,686,1,137,870,FALSE,0
108643,136,1451,567,5495,FALSE,0
44361817,66134,53277,31965,39972,FALSE,0
65,493,1,998,646,TRUE,0
1145274,721,11585,647,89050,FALSE,0
318616,6241,1986,15915,18906,FALSE,0
682267,142678,14144,153,8663,FALSE,0
89,329,2,3,498,FALSE,0
37,646,0,77,165,FALSE,0
3784,1110,143,12129,9867,TRUE,0
1460,1462,45,11133,14692,TRUE,0
3,58,0,0,1,FALSE,0
15,59,0,18,34,FALSE,0
108372,221,2908,345,889,TRUE,0
94,53,0,1,2514,FALSE,0
13146,952,253,58,2721,FALSE,0
7441109,0,5520,7,4782,TRUE,0
59,51,1,0,103,FALSE,0
1340385,1717,15512,78,45976,FALSE,0
469948,57,356,66,469,FALSE,0
78,79,0,56,2926,FALSE,0
1188889,955,9198,48,16962,FALSE,0
9776136,103,14290,506,6347,FALSE,0
4096944,55313,12207,7335,99230,FALSE,0
8213,2704,444,3812,2141,TRUE,0
15470731,1,58394,9,4176,FALSE,0
347268,192,0,18,5816,FALSE,0
272893,3053,6741,202,4283,FALSE,0
126771,368,1033,887,14634,TRUE,0
12056489,78,22809,16,2380,FALSE,0
84,166,2,138,137,FALSE,0
21010,2734,1587,1659,13171,FALSE,0
2234,592,75,8,1248,FALSE,0
15,9,0,0,2,FALSE,0
13799,1776,854,1312,10413,FALSE,0
1392,4739,34,3533,6096,FALSE,0
2932,997,107,1400,619,FALSE,0
4214,0,220,0,4368,FALSE,0
4209,1397,147,29910,8802,FALSE,0
106,87,0,30,6620,FALSE,0
188,593,2,107,516,TRUE,0
35553,852,875,48,17444,FALSE,0
82,376,0,562,43,FALSE,0
2376,19,94,1,14,FALSE,0
1309,162,95,1304,665,FALSE,0
584886,106,0,74,16096,FALSE,0
259,2107,1,89,166,FALSE,0
5239367,1228,17832,1283,26529,FALSE,0
13123,301,432,2516,1845,TRUE,0
6013,1996,382,56485,10759,FALSE,0
70,156,0,8,168,FALSE,0
300955,218994,1011,3114,573,FALSE,0
92,285,0,1,9,FALSE,0
1373222,588,7700,3854,15663,FALSE,0
1520777,985943,6158,509,142368,FALSE,0
110,190,1,503,736,TRUE,0
44,58,7,134,304,TRUE,0
495530,2155,2852,3408,4325,FALSE,0
7,42,0,0,1,FALSE,0
53,216,1,121,258,FALSE,0
3787784,570,35850,629,12513,FALSE,0
2887328,113891,10029,1817,4340,FALSE,0
770154,2,7516,1,2170,FALSE,0
6,65,0,0,3,FALSE,0
41913,907,987,393,14131,FALSE,0
1438,330,24,21033,23210,TRUE,0
237,700,3,8563,6543,FALSE,0
88,1375,0,196,11,TRUE,0
2005920,30590,12077,8,6442,TRUE,0
2617549,663,10813,478,3830,TRUE,0
504,945,20,753,2038,FALSE,0
135,398,9,59,1082,FALSE,0
242539,226,2774,708,4087,FALSE,0
101094,166,722,239,1447,FALSE,0
245,1296,11,1151,675,FALSE,0
3194846,409,3767,87,8410,FALSE,0
85126,2,0,0,189,FALSE,0
7660,634,99,2608,6817,FALSE,0
2673,416,3,82,2818,TRUE,0
5,14,0,0,2,FALSE,0
46278,304,516,2172,4238,FALSE,0
447,1463,2,556,3069,TRUE,0
211,114,6,36,25528,FALSE,0
16620010,516,29526,687,19579,FALSE,0
6178,2010,226,464,2641,FALSE,0
20,75,1,59,294,,0
3041209,2056668,7560,9892,129,,0
588,3676,5,1586,84,FALSE,0
34324,121,965,124,2503,FALSE,0
10958029,686,55308,4635,3843,FALSE,0
188115,583,1698,8225,12306,FALSE,0
1257260,1109,9590,0,20404,FALSE,0
7078,491,166,5269,4678,FALSE,0
19,26,0,15,4,FALSE,0
51,102,0,37,26,FALSE,0
14,51,0,0,3,FALSE,0
431,168,4,1300,32430,FALSE,0
72,447,0,0,59,FALSE,0
56,184,2,124,315,FALSE,0
220,694,22,1313,2509,FALSE,0
524,1728,2,0,2341,FALSE,0
2118316,37481,13328,5231,40701,TRUE,0
226643,347,1809,2469,7937,FALSE,0
706845,600,2874,432,6257,TRUE,0
12129428,1844,33576,4109,37438,FALSE,0
8947,7878,376,27790,44401,FALSE,0
735,1555,4,699,586,FALSE,0
18,50,0,9,22,FALSE,0
11,49,0,4,4,TRUE,0
429499,239,4224,889,3413,FALSE,0
344,458,11,4941,3522,FALSE,0
307889,637,1,12561,16928,FALSE,0
355,728,1,1868,29803,FALSE,0
4403951,1929,19582,18,33058,FALSE,0
10020,27,326,0,14477,TRUE,0
11497,139,370,9595,2474,FALSE,0
12,116,0,0,43,FALSE,0
17701,12166,120,2846,7473,FALSE,0
198,170,26,13,60,FALSE,0
15,23,0,136,556,FALSE,0
342987,4034,5635,6516,16845,TRUE,0
65556711,129784,228413,1415,8278,FALSE,0
624991,875,4681,8770,152754,FALSE,0
560519,224,332,13,3589,TRUE,0
14737,369,357,171,22738,FALSE,0
66063403,36152,106150,406,13869,FALSE,0
135875,347,985,1164,6586,FALSE,0
1711038,14,9505,0,1209,FALSE,0
44,366,1,1159,37,FALSE,0
90,170,6,429,64,FALSE,0
3437812,770,18478,775,5211,FALSE,0
340,440,2,3058,18570,TRUE,0
231,735,13,1597,3067,FALSE,0
316453,150,5580,75,555,FALSE,0
21081,236,300,1,10710,FALSE,0
47,212,1,15,14,FALSE,0
9213,598,86,79,868,FALSE,0
303,1131,0,411,722,FALSE,0
718,1216,11,948,1139,FALSE,0
368,1193,48,185,589,FALSE,0
4895,444,196,1021,5022,TRUE,0
1729739,547,6459,9037,5308,FALSE,0
249256,412,10147,94,795,FALSE,0
3792,1564,270,1118,5927,FALSE,0
7852416,16,26936,147,2800,FALSE,0
868976,453,2844,507,767,FALSE,0
142,1117,3,33,103,FALSE,0
10,93,0,0,24,FALSE,0
497,511,1,0,149,FALSE,0
3380953,3867,14255,1833,42027,FALSE,0
92292262,302242,620331,3416,30650,FALSE,0
1017758,6985,9473,12901,13786,FALSE,0
9,97,0,0,1,TRUE,0
2000567,457,9674,901,55202,FALSE,0
11,53,0,1,13,FALSE,0
1599,922,67,212,11240,TRUE,0
82,91,0,634,704,FALSE,0
178,325,6,30,405,FALSE,0
46,233,0,935,285,,0
67,168,0,0,1851,FALSE,0
147441,20889,0,43,7648,FALSE,0
420699,108,5248,11,5568,FALSE,0
63866,21,2037,40,70,FALSE,0
1715,1342,84,3688,1395,TRUE,0
5,67,0,0,2,FALSE,0
122,88,0,325,1031,TRUE,0
4025,487,117,18,6672,FALSE,0
52,39,0,689,206,,0
30,72,4,1,926,FALSE,0
41776,1158,854,1264,1096,FALSE,0
52,323,2,696,767,TRUE,0
972032,3072,1587,1423,22362,FALSE,0
26,150,1,8,2,FALSE,0
215,462,16,812,2384,FALSE,0
64219,667,698,2901,85,FALSE,0
310,0,21,3,3909,FALSE,0
18998,2005,425,2503,3498,TRUE,0
32,54,0,1,97,FALSE,0
45044433,7451,68157,24,9606,FALSE,0
16,64,1,15,62,TRUE,0
22490,308,1342,43,1897,TRUE,0